-- phpMyAdmin SQL Dump
-- version 4.5.4.1deb2ubuntu2
-- http://www.phpmyadmin.net
--
-- Host: localhost
-- Generation Time: Feb 28, 2017 at 07:32 PM
-- Server version: 5.7.17-0ubuntu0.16.04.1
-- PHP Version: 7.0.15-0ubuntu0.16.04.2

SET SQL_MODE = "NO_AUTO_VALUE_ON_ZERO";
SET time_zone = "+00:00";


/*!40101 SET @OLD_CHARACTER_SET_CLIENT=@@CHARACTER_SET_CLIENT */;
/*!40101 SET @OLD_CHARACTER_SET_RESULTS=@@CHARACTER_SET_RESULTS */;
/*!40101 SET @OLD_COLLATION_CONNECTION=@@COLLATION_CONNECTION */;
/*!40101 SET NAMES utf8mb4 */;

--
-- Database: `walmart_db`
--

-- --------------------------------------------------------

--
-- Table structure for table `product`
--

CREATE TABLE `product` (
  `product_id` bigint(20) NOT NULL,
  `product_type` varchar(100) CHARACTER SET utf8 NOT NULL,
  `delivery_time` varchar(100) CHARACTER SET utf8 NOT NULL,
  `product_name` varchar(500) CHARACTER SET utf8 NOT NULL,
  `product_url` text CHARACTER SET utf8 NOT NULL,
  `review_numbers` int(11) NOT NULL,
  `cost` varchar(100) CHARACTER SET utf8 NOT NULL,
  `bullet_points` text CHARACTER SET utf8 NOT NULL,
  `seller` varchar(100) CHARACTER SET utf8 NOT NULL,
  `option_size` varchar(500) CHARACTER SET utf8 NOT NULL,
  `option_color` varchar(500) NOT NULL,
  `category` text CHARACTER SET utf8 NOT NULL,
  `inventory` int(11) NOT NULL,
  `create_date` datetime NOT NULL,
  `special_offer` varchar(100) NOT NULL,
  `fulfillment` text NOT NULL
) ENGINE=InnoDB DEFAULT CHARSET=latin1;

--
-- Dumping data for table `product`
--

INSERT INTO `product` (`product_id`, `product_type`, `delivery_time`, `product_name`, `product_url`, `review_numbers`, `cost`, `bullet_points`, `seller`, `option_size`, `option_color`, `category`, `inventory`, `create_date`, `special_offer`, `fulfillment`) VALUES
(854760, 'REGULAR', '2-Day Shipping', '20th Century Masters: The Millennium Collection - The Best Of The Mamas & The Papas', 'https://www.walmart.com/ip/20th-Century-Masters-The-Millennium-Collection-The-Best-Of-The-Mamas-And-The-Papas-Remaster/854760', 2, '3.97', '<li>Mamas & the Papas - Millennium Collection-20th Century Masters [CD]</li><li>MCA</li><li>Music</li>', 'Walmart.com', '', '', 'Home Page/Music/Rock/Rock N\' Roll Oldies', 2950, '2017-02-28 19:23:30', '', '{"s2SDisplayFlags": ["PICKUP_TODAY"], "isS2H": true, "isPUT": true, "isSOI": false, "isS2S": true}'),
(862972, 'REGULAR', '2-Day Shipping', '20th Century Masters: The Millennium Collection - The Best Of Kool & The Gang', 'https://www.walmart.com/ip/20th-Century-Masters-The-Millennium-Collection-The-Best-Of-Kool-The-Gang/862972', 2, '3.97', '<li>Kool & the Gang - Millennium Collection-20th Century Masters [CD]</li><li>MERCURY</li><li>Music</li>', 'Walmart.com', '', '', 'Home Page/Music/R&B / Soul/Funk', 651, '2017-02-28 19:27:46', '', '{"s2SDisplayFlags": ["PICKUP_TODAY"], "isS2H": true, "isPUT": true, "isSOI": false, "isS2S": true}'),
(1026235, 'REGULAR', '2-Day Shipping', '15 Exitos Inolvidables', 'https://www.walmart.com/ip/15-Exitos-Inolvidables/1026235', 0, '7.57', '<li>Jose Alfredo Jimenez - 15 Exitos Inolvidables [CD]</li><li>U.S. LATIN</li><li>Music</li>', 'DeepDiscount', '', '', 'Home Page/Music/Latin/Regional Mexicano', 15, '2017-02-28 19:23:36', '', '{"s2HDisplayFlags": ["MARKETPLACE", "FREE_SHIPPING"], "isS2H": true, "isPUT": false, "isSOI": false, "isS2S": false}'),
(2508504, 'REGULAR', '2-Day Shipping', 'Disney: The Best Of Silly Songs', 'https://www.walmart.com/ip/Disney-The-Best-Of-Silly-Songs/2508504', 7, '5', 'Best Of Silly Songs, The', 'Walmart.com', '', '', 'Home Page/Music/Children\'s Music/Children\'s General', 480, '2017-02-28 19:23:22', '', '{"s2SDisplayFlags": ["PICKUP"], "isS2H": true, "isPUT": false, "isSOI": false, "isS2S": true}'),
(5030740, 'REGULAR', '2-Day Shipping', 'Sinners Like Me', 'https://www.walmart.com/ip/Sinners-Like-Me/5030740', 11, '5', 'Sinners Like Me', 'Walmart.com', '', '', 'Home Page/Music/Country/Contemporary Country', 861, '2017-02-28 19:26:31', '', '{"s2SDisplayFlags": ["PICKUP_TODAY"], "isS2H": true, "isPUT": true, "isSOI": false, "isS2S": true}'),
(10249332, 'REGULAR', '2-Day Shipping', '19', 'https://www.walmart.com/ip/19/10249332', 12, '8.99', '', 'Walmart.com', '', '', 'Home Page/Music/Rock/Alternative', 3520, '2017-02-28 19:21:09', '', '{"s2SDisplayFlags": ["PICKUP_TODAY"], "isS2H": true, "isPUT": true, "isSOI": false, "isS2S": true}'),
(10291379, 'REGULAR', '2-Day Shipping', 'Nestle TOLL HOUSE Real Semi-Sweet Chocolate Morsels 12 oz. Bag', 'https://www.walmart.com/ip/Nestle-Toll-House-Real-Semi-Sweet-Chocolate-Morsels-12-oz/10291379', 223, '1.88', '<li>The traditional bag for the famous Nestle Toll House Chocolate Chip Cookies</li><li>No artificial colors or flavors</li>', 'Walmart.com', '', '', 'Home Page/Food/Baking/Baking Chips & Bars', 361, '2017-02-28 19:17:29', 'Best Seller', '{"s2SDisplayFlags": ["PICKUP"], "isS2H": true, "isPUT": false, "isSOI": false, "isS2S": true}'),
(14906260, 'REGULAR', '2-Day Shipping', 'EXPO Dry Erase Marker Starter Set, Chisel Tip, Assorted Colors, 6 Piece', 'https://www.walmart.com/ip/Expo-Original-Dry-Erase-Marker-Set-4-Pack-Set-of-4/14906260', 40, '6.78', '<li>Black, Blue, Green & Red</li><li>Expo cleaner</li><li>Expo eraser</li>', 'Walmart.com', '', '', 'Home Page/Toys/Arts & Crafts for Kids/Drawing & Coloring', 262, '2017-02-28 19:15:57', '', '{"s2SDisplayFlags": ["PICKUP"], "isS2H": true, "isPUT": false, "isSOI": false, "isS2S": true}'),
(14940568, 'REGULAR', '2-Day Shipping', 'Avery Economy Round Ring View Binder, 11 x 8 1/2, White, 2"', 'https://www.walmart.com/ip/Economy-Reference-View-Binder-1-2-White/14940568', 0, '3.69', 'Economy view binder with nonlocking round rings and two inside pockets. Includes one binder.<li>Model Number: AVE05731</li>', 'Walmart.com', '', '', 'Home Page/Office/Office Supplies/Office Organization/Binders and Accessories/All Binders', 14037, '2017-02-28 19:24:55', '', '{"s2SDisplayFlags": ["PICKUP"], "isS2H": true, "isPUT": false, "isSOI": false, "isS2S": true}'),
(14947940, 'REGULAR', '2-Day Shipping', 'Icon Series: Patsy Cline', 'https://www.walmart.com/ip/Icon-Series-Patsy-Cline/14947940', 3, '3.99', 'Icon Series: Patsy Clline', 'Walmart.com', '', '', 'Home Page/Music/Country/Traditional Country', 2453, '2017-02-28 19:26:16', '', '{"s2SDisplayFlags": ["PICKUP_TODAY"], "isS2H": true, "isPUT": true, "isSOI": false, "isS2S": true}'),
(15902642, 'REGULAR', '2-Day Shipping', 'Vices & Virtues', 'https://www.walmart.com/ip/Vices-Virtues/15902642', 5, '5', 'Vices & Virtues', 'Walmart.com', '', '', 'Home Page/Music/Pop/Pop Rock', 1563, '2017-02-28 19:26:41', '', '{"s2SDisplayFlags": ["PICKUP_TODAY"], "isS2H": true, "isPUT": true, "isSOI": false, "isS2S": true}'),
(17727992, 'VARIANT', '2-Day Shipping', 'Buffalo Check Valance', 'https://www.walmart.com/ip/Achim-Buffalo-Check-Valance/17727992', 79, '6.8 ~ 15.93', '<li>Buffalo Check has a charming, allover check pattern</li><li>Available in 5 different colors</li>', 'Walmart.com', '', '', 'Home Page/Home/Decor/Curtains & Window Treatments/Valances', 699, '2017-02-28 19:18:39', '', '{"thresholdCurrencyCode": "USD", "isSOI": false, "thresholdAmount": 35, "isS2S": true, "s2SDisplayFlags": ["PICKUP"], "isS2H": true, "isPUT": false, "s2HDisplayFlags": ["THRESHOLD_SHIPPING"]}'),
(20699291, 'REGULAR', '2-Day Shipping', 'Kidz Bop Ultimate Hits', 'https://www.walmart.com/ip/Kidz-Bop-Ultimate-Hits/20699291', 30, '7', 'Kidz Bop Ultimate Hits', 'Walmart.com', '', '', 'Home Page/Music/Children\'s Music/Children\'s General', 224, '2017-02-28 19:23:35', '', '{"s2SDisplayFlags": ["PICKUP"], "isS2H": true, "isPUT": false, "isSOI": false, "isS2S": true}'),
(20923721, 'REGULAR', '2-Day Shipping', 'Sun-Maid Natural California Raisins - 6 CT', 'https://www.walmart.com/ip/Sun-Maid-Natural-California-Raisins-1-oz-6ct/20923721', 38, '1.98', '<li>Less than 100 healthy calories per box</li><li>Kosher</li>', 'Walmart.com', '', '', 'Home Page/Food/Snacks, Cookies & Chips/Dried Fruit & Dried Vegetables', 1203, '2017-02-28 19:22:43', '', '{"s2SDisplayFlags": ["PICKUP"], "isS2H": true, "isPUT": false, "isSOI": false, "isS2S": true}'),
(21002567, 'VARIANT', '2-Day Shipping', 'Mainstays True Colors Bath Rug Collection', 'https://www.walmart.com/ip/Mainstays-19.5-x-34-Bath-Rug/21002567', 36, '5.9 ~ 14.87', '<li>Non-slip backing</li><li>Fabric content: nylon</li><li>Assorted colors and sizes</li>', 'Walmart.com', '1\'7.5" x 2\'8",1\'11" x 3\'3",1\'7.5" x 2\'10",1\'5" x 2\',1\'11" x 3\'2"', 'Teal Sachet,Arctic White,Fuchsia Supreme,Spearmint,Green Glory,Rich Black,Blue Streak,Costa Brown,Vallejo Tan,Gold,Coral,Red Flag,Royal Spice,Acorn,Warm Chocolate,Sage Legum,Purple Pluto,Red Sedona,Grey Flannel,Mint Wave,Violet Sky,Deep Cobalt', 'Home Page/Home/Bath/Bath Rugs & Mats', 22327, '2017-02-28 19:22:45', 'Rollback', '{"s2SDisplayFlags": ["PICKUP"], "isS2H": true, "isPUT": false, "isSOI": false, "isS2S": true}'),
(23736205, 'REGULAR', '2-Day Shipping', 'Disney Infinity Play Set Pack - Lone Ranger (Universal)', 'https://www.walmart.com/ip/Disney-Infinity-Play-Set-Pack-Lone-Ranger-Universal/23736205', 30, '7.96', '', 'Walmart.com', '', '', 'Home Page/Toys/Action Figures/All Action Figures', 2160, '2017-02-28 19:16:00', 'Clearance', '{"s2SDisplayFlags": ["PICKUP"], "isS2H": true, "isPUT": false, "isSOI": false, "isS2S": true}'),
(24269861, 'REGULAR', '2-Day Shipping', 'Dunlop Delrin Standard Guitar Picks, 12-Pack, .96mm, Dark Pink', 'https://www.walmart.com/ip/Dunlop-Delrin-Standard-Guitar-Pick/24269861', 2, '3.99', '<li>Gauges (MM): .46, .71, .96, 1.14, 1.5, 2.0MM</li><li>Ultra-hard plastic</li><li>Slick, stiff playing surface, excellent memory, and instantaneous release</li>', 'Walmart.com', '', '', 'Home Page/Musical Instruments/Guitars & Guitar Accessories/Guitar Accessories', 174, '2017-02-28 19:07:18', '', '{"thresholdCurrencyCode": "USD", "isSOI": false, "thresholdAmount": 35, "isS2S": true, "s2SDisplayFlags": ["PICKUP"], "isS2H": true, "isPUT": false, "s2HDisplayFlags": ["THRESHOLD_SHIPPING"]}'),
(26853757, 'REGULAR', '2-Day Shipping', 'Unorthodox Jukebox (Explicit)', 'https://www.walmart.com/ip/Unorthodox-Jukebox-Explicit/26853757', 6, '10.85', 'Unorthodox Jukebox (Explicit)', 'MovieMars', '', '', 'Home Page/Music/R&B / Soul/Contemporary R&B / Soul', 2150, '2017-02-28 19:23:29', '', '{"s2HDisplayFlags": ["MARKETPLACE", "FREE_SHIPPING"], "isS2H": true, "isPUT": false, "isSOI": false, "isS2S": false}'),
(32139128, 'REGULAR', '2-Day Shipping', 'Insten Black Silicone Skin Case For Sony PS4 Remote Controller', 'https://www.walmart.com/ip/INSTEN-Black-Silicone-Skin-Case-For-Sony-PS4-Remote-Controller/32139128', 3, '1.89', '<li>Silicone Skin Case x 1</li>', 'eForCity', '', '', 'Home Page/Video Games/PlayStation 4/PlayStation 4 Accessories', 17, '2017-02-28 19:19:24', 'Clearance', '{"s2HDisplayFlags": ["MARKETPLACE"], "isS2H": true, "isPUT": false, "isSOI": false, "isS2S": false}'),
(33023837, 'REGULAR', '2-Day Shipping', 'Pride And Prejudice (Keepsake Edition)', 'https://www.walmart.com/ip/Pride-And-Prejudice-Keepsake-Edition/33023837', 23, '5', '<li>Region A/1</li><li>Multiple Formats, Blu-ray, Color, DTS Surround Sound, NTSC, Subtitled, Widescreen</li><li>506 minutes</li>', 'Walmart.com', '', '', 'Home Page/Movies & TV/TV Shows/Drama', 2332, '2017-02-28 19:18:22', '', '{"s2SDisplayFlags": ["PICKUP"], "isS2H": true, "isPUT": false, "isSOI": false, "isS2S": true}'),
(35777372, 'VARIANT', '2-Day Shipping', 'Better Homes and Garden Cotton Reversible Bath Rug Collection', 'https://www.walmart.com/ip/Better-Homes-and-Gardens-Thick-and-Plush-Cotton-Bath-Rug-Collection/35777372', 66, '9.97 ~ 19.97', '<li>Reversible Cotton</li><li>Soft and comfortable</li><li>Machine washable</li>', 'Walmart.com', '1\'9" x 2\'10",1\'5" x 2\',2\' x 3\'4"', 'White,Aquifier,Costa Brown,Coral,Grey Shadow', 'Home Page/Home/Bath/Bath Rugs & Mats', 1603, '2017-02-28 19:26:22', 'Only at Walmart', '{"s2SDisplayFlags": ["PICKUP_TODAY"], "isS2H": true, "isPUT": true, "isSOI": false, "isS2S": true}'),
(36904784, 'REGULAR', '2-Day Shipping', 'Arsenal Gaming AXB1BT Xbox One Rechargeable Battery Pack, Black', 'https://www.walmart.com/ip/Arsenal-Gaming-AXB1BT-Xbox-One-Rechargeable-Battery-Pack-Black-Xbox-One/36904784', 4, '8.05', '<li>Xbox One 1200 NiMH battery</li><li>Charging cable</li><li>Includes a USB to microUSB charger</li>', 'Walmart.com', '', '', 'Home Page/Video Games/Xbox One/Xbox One Accessories', 95, '2017-02-28 19:19:40', '', '{"s2SDisplayFlags": ["PICKUP"], "isS2H": true, "isPUT": false, "isSOI": false, "isS2S": true}'),
(37296952, 'REGULAR', '2-Day Shipping', '1000 Forms Of Fear', 'https://www.walmart.com/ip/1000-Forms-Of-Fear/37296952', 7, '7.79', '1000 Forms Of Fear', 'MovieMars', '', '', 'Home Page/Music/Rock/Alternative', 1045, '2017-02-28 19:27:35', '', '{"s2HDisplayFlags": ["MARKETPLACE", "FREE_SHIPPING"], "isS2H": true, "isPUT": false, "isSOI": false, "isS2S": false}'),
(38363132, 'REGULAR', '2-Day Shipping', 'Brussel\'s Bonsai Professional Blend Soil', 'https://www.walmart.com/ip/Brussel-s-Bonsai-Professional-Blend-Soil/38363132', 7, '8.5', '<li>Perfect soil is essential for bonsai health</li><li>This proprietary blend holds the ideal amount of water</li>', 'Walmart.com', '', '', 'Home Page/Patio & Garden/Gardening & Lawn Care/Gardening/Fertilizer, Soil & Seeds', 0, '2017-02-28 19:16:42', '', '{"s2SDisplayFlags": ["PICKUP"], "isS2H": true, "isPUT": false, "isSOI": false, "isS2S": true}'),
(38436843, 'REGULAR', '2-Day Shipping', 'Skylanders Trap Team Spry / Mini Jini 2 pack Mini Character Pack (Universal)', 'https://www.walmart.com/ip/Skylanders-Trap-Team-Spry-Mini-Jini-2-pack-Mini-Character-Pack-Universal/38436843', 2, '7.99', '', 'DealClock', '', '', 'Home Page/Video Games/Skylanders/Skylanders Trap Team', 2114, '2017-02-28 19:17:01', '', '{"s2HDisplayFlags": ["MARKETPLACE", "FREE_SHIPPING"], "isS2H": true, "isPUT": false, "isSOI": false, "isS2S": false}'),
(38591215, 'REGULAR', '2-Day Shipping', 'Great Value LED Light Bulb 10W (60W Equivalent) Omni (E26) Dimmable, Daylight', 'https://www.walmart.com/ip/Great-Value-GVRLAO1050D-Great-Value-LED-10W-Omni-Directional-Daylight-Dimmable-Light-Bulb/38591215', 37, '4.32', '<li>Saves up to 80 percent on energy costs</li><li>Lasts 25,000 hours</li><li>60W equivalent using only 10W of energy</li>', 'Walmart.com', '', '', 'Home Page/Home Improvement/Electrical/Light Bulbs/All Light Bulbs', 266, '2017-02-28 19:24:34', '', '{"s2SDisplayFlags": ["PICKUP_TODAY"], "isS2H": true, "isPUT": true, "isSOI": false, "isS2S": true}'),
(42640050, 'REGULAR', '2-Day Shipping', 'NBA Live 15 (Xbox One) - Pre-Owned', 'https://www.walmart.com/ip/NBA-Live-15-Xbox-One-Pre-Owned/42640050', 0, '5.7', 'NBA Live 15 (Xbox One) - Pre-Owned', 'SaveTronix', '', '', 'Home Page/Video Games/Video Game Titles', 0, '2017-02-28 19:20:06', 'Reduced Price', '{"s2HDisplayFlags": ["MARKETPLACE"], "isS2H": true, "isPUT": false, "isSOI": false, "isS2S": false}'),
(43913018, 'REGULAR', '2-Day Shipping', 'Into the Wild Life', 'https://www.walmart.com/ip/Into-the-Wild-Life/43913018', 0, '10', 'Into the Wild Life', 'Walmart.com', '', '', 'Home Page/Music/Rock/Heavy Metal', 22, '2017-02-28 19:27:08', '', '{"s2SDisplayFlags": ["PICKUP"], "isS2H": true, "isPUT": false, "isSOI": false, "isS2S": true}'),
(44729101, 'REGULAR', '2-Day Shipping', 'Dark Before Dawn', 'https://www.walmart.com/ip/Dark-Before-Dawn/44729101', 0, '9.89', 'Dark Before Dawn', 'Walmart.com', '', '', 'Home Page/Music/Pop/Pop Rock', 990, '2017-02-28 19:26:30', '', '{"s2SDisplayFlags": ["PICKUP_TODAY"], "isS2H": true, "isPUT": true, "isSOI": false, "isS2S": true}'),
(44990832, 'REGULAR', '2-Day Shipping', 'Bringin It Home (EP)', 'https://www.walmart.com/ip/Bringin-It-Home-EP/44990832', 1, '5.39', 'Bringin It Home (EP)', 'Walmart.com', '', '', 'Home Page/Music/Country/Contemporary Country', 192, '2017-02-28 19:26:20', '', '{"s2SDisplayFlags": ["PICKUP_TODAY"], "isS2H": true, "isPUT": true, "isSOI": false, "isS2S": true}'),
(45622108, 'REGULAR', '2-Day Shipping', 'Blacked Out', 'https://www.walmart.com/ip/Blacked-Out/45622108', 1, '10', 'Blacked Out', 'Walmart.com', '', '', 'Home Page/Music/Rock/Alternative', 3, '2017-02-28 19:21:45', '', '{"s2SDisplayFlags": ["PICKUP"], "isS2H": true, "isPUT": false, "isSOI": false, "isS2S": true}'),
(46906460, 'REGULAR', '2-Day Shipping', 'Disney Infinity 3.0 The Good Dinosaur Disc Pack (Universal)', 'https://www.walmart.com/ip/Disney-Infinity-3.0-The-Good-Dinosaur-Disc-Pack-Universal/46906460', 1, '8.19', '', 'MovieMars', '', '', 'Home Page/Video Games/Video Game Accessories', 295, '2017-02-28 19:18:15', '', '{"s2HDisplayFlags": ["MARKETPLACE", "FREE_SHIPPING"], "isS2H": true, "isPUT": false, "isSOI": false, "isS2S": false}'),
(47150473, 'REGULAR', '2-Day Shipping', 'Mainstays 1/2" Foam Mattress Pad, Cut to Fit Multiple Size Beds up to 60" x 70', 'https://www.walmart.com/ip/Mainstays-1-2-Foam-Mattress-Pad-Cut-to-Fit-Multiple-Size-Beds-up-to-60-x-70/47150473', 20, '7.88', '<li>Mainstays 1/2" conventional urethane foam pad</li><li>Trim-to-fit queen to twin mattress</li><li>Versatile padding</li>', 'Walmart.com', '', '', 'Home Page/Home/Bedding/Mattress Pads & Toppers', 33, '2017-02-28 19:24:03', '', '{"s2SDisplayFlags": ["PICKUP_TODAY"], "isS2H": true, "isPUT": true, "isSOI": false, "isS2S": true}'),
(47513553, 'REGULAR', '2-Day Shipping', 'I\'m Comin Over', 'https://www.walmart.com/ip/Comin/47513553', 6, '8.3', 'I\'m Comin Over', 'MovieMars', '', '', 'Home Page/Music/Country/Contemporary Country', 1095, '2017-02-28 19:20:20', '', '{"s2HDisplayFlags": ["MARKETPLACE", "FREE_SHIPPING"], "isS2H": true, "isPUT": false, "isSOI": false, "isS2S": false}'),
(49580530, 'REGULAR', '2-Day Shipping', 'Shopkins Pencils, 8-Count', 'https://www.walmart.com/ip/Shopkins-Pencils-8-Count/49580530', 12, '1.97', '<li>Shopkins Pencils feature toys from Seasons 1, 2 and 3</li><li>Fun for a Shopkins-themed birthday party</li>', 'Walmart.com', '', '', 'Home Page/Toys/Arts & Crafts for Kids/Drawing & Coloring', 35141, '2017-02-28 19:15:57', '', '{"s2SDisplayFlags": ["PICKUP"], "isS2H": true, "isPUT": false, "isSOI": false, "isS2S": true}'),
(50636809, 'REGULAR', '2-Day Shipping', 'Dangerous Woman (Explicit)', 'https://www.walmart.com/ip/Dangerous-Woman/50636809', 1, '8.39', 'Dangerous Woman', 'Walmart.com', '', '', 'Home Page/Music/Pop/Pop Rock', 716, '2017-02-28 19:21:24', '', '{"s2SDisplayFlags": ["PICKUP"], "isS2H": true, "isPUT": false, "isSOI": false, "isS2S": true}'),
(53987570, 'REGULAR', '2-Day Shipping', 'Pioneer Woman Timeless Floral Kitchen Towels, Pack of 4', 'https://www.walmart.com/ip/Pioneer-Woman-Timeless-Floral-Kitchen-Towels-Pack-of-4/53987570', 5, '7.22', '<li>Set of 4 kitchen towels</li><li>Allover floral print</li><li>Perfect for cleaning spills and drying dishes</li>', 'Walmart.com', '', '', 'Home Page/Home/Kitchen & Dining/Dining & Entertaining/Kitchen Textiles', 283, '2017-02-28 19:23:06', '', '{"s2SDisplayFlags": ["PICKUP"], "isS2H": true, "isPUT": false, "isSOI": false, "isS2S": true}'),
(54065298, 'REGULAR', '2-Day Shipping', 'Greenleaf', 'https://www.walmart.com/ip/Greenleaf/54065298', 4, '9.97', 'Greenleaf', 'Walmart.com', '', '', 'Home Page/Music/Soundtracks/Film Soundtracks', 1155, '2017-02-28 19:23:27', '', '{"s2SDisplayFlags": ["PICKUP_TODAY"], "isS2H": true, "isPUT": true, "isSOI": false, "isS2S": true}'),
(54372104, 'REGULAR', '2-Day Shipping', 'The Pioneer Woman Poinsettia 5-Piece Measuring Prep Set', 'https://www.walmart.com/ip/The-Pioneer-Woman-Poinsettia-5-Piece-Measuring-Prep-Set/54372104', 9, '9.88', '<li>4-cup measuring pup</li><li>4 measuring bowls</li><li>Dishwasher safe</li>', 'Walmart.com', '', '', 'Home Page/Home/Featured Shops/The Pioneer Woman/The Pioneer Woman Bakeware', 180, '2017-02-28 19:24:10', 'Clearance', '{"thresholdCurrencyCode": "USD", "isSOI": false, "thresholdAmount": 35, "isS2S": true, "s2SDisplayFlags": ["PICKUP"], "isS2H": true, "isPUT": false, "s2HDisplayFlags": ["THRESHOLD_SHIPPING"]}'),
(54748292, 'REGULAR', '2-Day Shipping', 'Trolls Pencil Topper Party Favors, 4-Count', 'https://www.walmart.com/ip/Trolls-Pencil-Topper-Party-Favors-4-Count/54748292', 1, '2.27', '<li>4 Trolls Pencil Topper Party Favors</li><li>Trolls Pencil Eraser Toppers come in 4 fun colors</li><li>Excellent for a Trolls birthday party</li>', 'Walmart.com', '', '', 'Home Page/Party & Occasions/Crafts/Art Supplies and Easels/Art Supplies/All Art Supplies', 2055, '2017-02-28 19:06:24', '', '{"s2SDisplayFlags": ["PICKUP"], "isS2H": true, "isPUT": false, "isSOI": false, "isS2S": true}'),
(55052747, 'REGULAR', '2-Day Shipping', 'Kane Brown', 'https://www.walmart.com/ip/Kane-Brown/55052747', 13, '9.97', 'Kane Brown', 'Walmart.com', '', '', 'Home Page/Music/Country/Contemporary Country', 4925, '2017-02-28 19:27:33', '', '{"s2SDisplayFlags": ["PICKUP_TODAY"], "isS2H": true, "isPUT": true, "isSOI": false, "isS2S": true}'),
(55300518, 'REGULAR', '2-Day Shipping', 'Disney Karaoke Series: Moana Soundtrack', 'https://www.walmart.com/ip/Disney-Karaoke-Series-Moana-Soundtrack/55300518', 0, '7.93', 'Disney Karaoke Series: Moana Soundtrack', 'Walmart.com', '', '', 'Home Page/Music/Children\'s Music/Children\'s Soundtracks', 361, '2017-02-28 19:23:55', '', '{"s2SDisplayFlags": ["PICKUP_TODAY"], "isS2H": true, "isPUT": true, "isSOI": false, "isS2S": true}'),
(55348205, 'REGULAR', '2-Day Shipping', 'Three Stripes', 'https://www.walmart.com/ip/Three-Stripes/55348205', 1, '9.97', 'Three Stripes', 'Walmart.com', '', '', 'Home Page/Music/R&B / Soul/Contemporary R&B / Soul', 1469, '2017-02-28 19:23:58', '', '{"s2SDisplayFlags": ["PICKUP_TODAY"], "isS2H": true, "isPUT": true, "isSOI": false, "isS2S": true}'),
(165334445, 'VARIANT', '2-Day Shipping', 'HDE Xbox 360 Silicone Wireless Controller Skin Protective Rubber Case Cover for Microsoft Xbox 360 Game Pad (Blue)', 'https://www.walmart.com/ip/HDE-Xbox-360-Silicone-Wireless-Controller-Skin-Protective-Rubber-Case-Cover-for-Microsoft-Xbox-360-Game-Pad-Blue/165334445', 0, '6.99', 'Ultimate Protection for your Xbox 360 Controller<li>Provides superior grip and comfort</li><li>Protects against dust, dirt, drops, and spills</li>', 'HDE', '', '', 'Home Page/Video Games/Video Game Accessories', 5851, '2017-02-28 19:20:35', '', '{"s2HDisplayFlags": ["MARKETPLACE", "FREE_SHIPPING"], "isS2H": true, "isPUT": false, "isSOI": false, "isS2S": false}'),
(173086791, 'REGULAR', '2-Day Shipping', 'KitchenAid174-24-Wine-Cellar-with-Glass-Door-and-Metal-Front-Racks', 'https://www.walmart.com/ip/KitchenAid174-24-Wine-Cellar-with-Glass-Door-and-Metal-Front-Racks/173086791', 4, '2214.58', '<li>Two Temperature-Controlled Zones (For Wine Cellar)</li><li>46 Wine Bottle Capacity</li><li>Professionally-Inspired Design</li>', 'The 1080 club', '', '', 'Home Page/Home/Appliances/Wine, Beer, & Beverage Chillers', 1, '2017-02-28 18:49:14', '', '{"s2HDisplayFlags": ["MARKETPLACE", "FREE_SHIPPING"], "isS2H": true, "isPUT": false, "isSOI": false, "isS2S": false}'),
(186225931, 'REGULAR', '2-Day Shipping', 'Catania Leather Right Facing Chaise Sectional in White', 'https://www.walmart.com/ip/Catania-Leather-Right-Facing-Chaise-Sectional-in-White/186225931', 0, '2165.82', '<li>White</li><li>Transitional</li>', 'Homesquare', '', '', 'Home Page/Home/Furniture/Living Room Furniture/Sofas, Loveseats & Sectionals', 12, '2017-02-28 18:48:49', '', '{"s2HDisplayFlags": ["MARKETPLACE", "FREE_SHIPPING"], "isS2H": true, "isPUT": false, "isSOI": false, "isS2S": false}'),
(189141076, 'REGULAR', '2-Day Shipping', 'EEEKit 24 in 1 Game Card Case Holder Cartridge Box for Nintendo NEW 3DS, 3DS, DSi/DSi XL, DSi LL, DS, DS Lite/3Ds', 'https://www.walmart.com/ip/EEEKit-24-in-1-Game-Card-Case-Holder-Cartridge-Box-for-Nintendo-NEW-3DS-3DS-DSi-DSi-XL-DSi-LL-DS-DS-Lite-3Ds/189141076', 1, '7.67', '<li>Case is designed to keep your Nintendo 3DS game cards organized</li><li>Fits up to 22 game cards + 2 SD cards + 2 TF cards + 2 stylus</li><li>Compatible With Nintendo DSi LL, 3DS, DS, DS Lite,</li>', 'EEEKit', '', '', 'Home Page/Video Games/Nintendo 3DS / 2DS / DS / DSi/Nintendo DS/Dsi Accessories', 309, '2017-02-28 19:20:20', 'Reduced Price', '{"s2HDisplayFlags": ["MARKETPLACE", "FREE_SHIPPING"], "isS2H": true, "isPUT": false, "isSOI": false, "isS2S": false}'),
(197543679, 'REGULAR', '2-Day Shipping', 'Classic Sega Genesis Controller- 6-Button Game pad', 'https://www.walmart.com/ip/Classic-Sega-Genesis-Controller-6-Button-Game-pad/197543679', 1, '9.99', '<li>Eight-way directional pad</li><li>Classic six-button layout</li><li>Cable length: 6 feet</li>', 'Video Game Advantage', '', '', 'Home Page/Video Games/Video Game Accessories', 317, '2017-02-28 19:18:16', '', '{"s2HDisplayFlags": ["MARKETPLACE", "FREE_SHIPPING"], "isS2H": true, "isPUT": false, "isSOI": false, "isS2S": false}');

-- --------------------------------------------------------

--
-- Table structure for table `product_detail`
--

CREATE TABLE `product_detail` (
  `detail_id` bigint(20) NOT NULL,
  `product_id` bigint(20) NOT NULL,
  `detail_name` varchar(500) NOT NULL,
  `detail_value` text NOT NULL,
  `create_date` datetime NOT NULL
) ENGINE=InnoDB DEFAULT CHARSET=utf8;

--
-- Dumping data for table `product_detail`
--

INSERT INTO `product_detail` (`detail_id`, `product_id`, `detail_name`, `detail_value`, `create_date`) VALUES
(52, 186225931, 'Age Group', 'Adult', '2017-02-28 18:48:49'),
(53, 186225931, 'Is Assembly Required', 'Y', '2017-02-28 18:48:49'),
(54, 186225931, 'Manufacturer Part Number', 'CA-527580', '2017-02-28 18:48:49'),
(55, 186225931, 'Color', 'White', '2017-02-28 18:48:49'),
(56, 186225931, 'Model', 'CA-527580', '2017-02-28 18:48:49'),
(57, 186225931, 'Brand', 'Catania', '2017-02-28 18:48:49'),
(58, 186225931, 'Assembled Product Weight', '280 Pounds', '2017-02-28 18:48:49'),
(59, 186225931, 'Assembled Product Dimensions (L x W x H)', '67.70 x 115.70 x 36.50 Inches', '2017-02-28 18:48:49'),
(60, 173086791, 'Gender', 'Unisex', '2017-02-28 18:49:14'),
(61, 173086791, 'Manufacturer Part Number', 'KUWL304ESS', '2017-02-28 18:49:14'),
(62, 173086791, 'Model', 'KUWL304ESS', '2017-02-28 18:49:14'),
(63, 173086791, 'Brand', 'KitchenAid', '2017-02-28 18:49:14'),
(64, 54748292, 'Age Range', '0 to 12 Months', '2017-02-28 19:06:24'),
(65, 54748292, 'Manufacturer Part Number', '50700', '2017-02-28 19:06:24'),
(66, 54748292, 'Color', 'Multicolor', '2017-02-28 19:06:24'),
(67, 54748292, 'Model', '50700', '2017-02-28 19:06:24'),
(68, 54748292, 'Brand', 'Unique Industries', '2017-02-28 19:06:24'),
(69, 54748292, 'Assembled Product Dimensions (L x W x H)', '0.10 x 1.75 x 3.00 Inches', '2017-02-28 19:06:24'),
(70, 24269861, 'Instrument', 'Guitars', '2017-02-28 19:07:18'),
(71, 24269861, 'Gender', 'Unisex', '2017-02-28 19:07:18'),
(72, 24269861, 'Age Range', '12 Years & Up', '2017-02-28 19:07:18'),
(73, 24269861, 'Condition', 'New', '2017-02-28 19:07:18'),
(74, 24269861, 'Material', 'Nylon', '2017-02-28 19:07:18'),
(75, 24269861, 'Manufacturer Part Number', '41P.96', '2017-02-28 19:07:18'),
(76, 24269861, 'Color', 'Pink', '2017-02-28 19:07:18'),
(77, 24269861, 'Model', '41P.96', '2017-02-28 19:07:18'),
(78, 24269861, 'Brand', 'Dunlop', '2017-02-28 19:07:18'),
(79, 24269861, 'Assembled Product Dimensions (L x W x H)', '2.50 x 1.70 x 0.30 Inches', '2017-02-28 19:07:18'),
(80, 14906260, 'Is Recyclable', '0%', '2017-02-28 19:15:57'),
(81, 14906260, 'Count', '4 pack', '2017-02-28 19:15:57'),
(82, 14906260, 'Model', '80653', '2017-02-28 19:15:57'),
(83, 14906260, 'Ink Color', 'Assorted', '2017-02-28 19:15:57'),
(84, 14906260, 'Brand', 'Expo', '2017-02-28 19:15:57'),
(85, 14906260, 'Video Game Platform', 'PC', '2017-02-28 19:15:57'),
(86, 14906260, 'Age Group', 'All Ages', '2017-02-28 19:15:57'),
(87, 14906260, 'Fabric Content', '100% Multi', '2017-02-28 19:15:57'),
(88, 14906260, 'Condition', 'New', '2017-02-28 19:15:57'),
(89, 14906260, 'Size', 'SET', '2017-02-28 19:15:57'),
(90, 14906260, 'Material', 'Multi', '2017-02-28 19:15:57'),
(91, 14906260, 'Manufacturer Part Number', '80653', '2017-02-28 19:15:57'),
(92, 14906260, 'Color', 'Multicolor', '2017-02-28 19:15:57'),
(93, 14906260, 'Container Type', 'CARDED', '2017-02-28 19:15:57'),
(94, 14906260, 'Accessories Included', '<p><b>Expo Dry-Erase Marker Kit:</b></p><ul><li>1 x Black Marker</li><li>1 x Red Marker</li><li>1 x Blue Marker</li><li>1 x Green Marker</li><li>1 x Expo Eraser</li><li>1 x Expo Cleaner Bottle (2 oz.)</li></ul>', '2017-02-28 19:15:57'),
(95, 14906260, 'Features', 'green and red</li><li>Easy-glide chisel tip for smooth and accurate writing</li><li>Bold,blue,vivid ink is visible from a distance and specially formulated to be low odor</li><li>Expo eraser and a 2 ounce bottle of Expo Mild Formula cleaner are also included</li></ul>,<ul><li>Sold as a Set of 4</li><li>Features four chisel tip markers in black', '2017-02-28 19:15:57'),
(96, 49580530, 'Occasion', 'Party', '2017-02-28 19:15:57'),
(97, 49580530, 'Gender', 'Boys,Girls', '2017-02-28 19:15:57'),
(98, 49580530, 'Age Range', '12 Years & Up', '2017-02-28 19:15:57'),
(99, 49580530, 'Manufacturer Part Number', '42905', '2017-02-28 19:15:57'),
(100, 49580530, 'Color', 'Assorted', '2017-02-28 19:15:57'),
(101, 49580530, 'Model', '42905', '2017-02-28 19:15:57'),
(102, 49580530, 'Brand', 'Unique Industries', '2017-02-28 19:15:57'),
(103, 49580530, 'Features', 'Makes a practical party favor, stocking stuffer, or game prize,Great for a girl birthday party or Shopkins party,Package of 8 Shopkins Pencils,Shopkins Pencil Favors come in 2 different designs,Coordinate with other Shopkins party supplies and party favors', '2017-02-28 19:15:57'),
(104, 49580530, 'Assembled Product Dimensions (L x W x H)', '0.25 x 0.25 x 7.50 Inches', '2017-02-28 19:15:57'),
(105, 23736205, 'Video Game Collection', 'Disney', '2017-02-28 19:16:00'),
(106, 23736205, 'Age Range', '8 to 11 Years', '2017-02-28 19:16:00'),
(107, 23736205, 'Genre', 'Other', '2017-02-28 19:16:00'),
(108, 23736205, 'Model', '712725023720', '2017-02-28 19:16:00'),
(109, 23736205, 'Brand', 'Disney', '2017-02-28 19:16:00'),
(110, 23736205, 'Video Game Platform', 'Universal', '2017-02-28 19:16:00'),
(111, 23736205, 'Condition', 'New', '2017-02-28 19:16:00'),
(112, 23736205, 'Manufacturer Part Number', '712725023720', '2017-02-28 19:16:00'),
(113, 23736205, 'Color', 'Multi', '2017-02-28 19:16:00'),
(114, 23736205, 'Publisher', 'Disney Interactive Studios', '2017-02-28 19:16:00'),
(115, 23736205, 'Assembled Product Dimensions (L x W x H)', '12.00 x 8.25 x 3.00 Inches', '2017-02-28 19:16:00'),
(116, 38363132, 'Condition', 'New', '2017-02-28 19:16:42'),
(117, 38363132, 'Manufacturer Part Number', 'SPBS4Q', '2017-02-28 19:16:42'),
(118, 38363132, 'Model', 'SPBS4Q', '2017-02-28 19:16:42'),
(119, 38363132, 'Brand', 'Generic', '2017-02-28 19:16:42'),
(120, 38363132, 'Assembled Product Dimensions (L x W x H)', '15.00 x 10.00 x 3.00 Inches', '2017-02-28 19:16:42'),
(121, 38436843, 'Video Game Platform', 'Universal', '2017-02-28 19:17:01'),
(122, 38436843, 'Age Range', '5 to 7 Years', '2017-02-28 19:17:01'),
(123, 38436843, 'Character', 'Skylanders', '2017-02-28 19:17:01'),
(124, 38436843, 'Condition', 'New', '2017-02-28 19:17:01'),
(125, 38436843, 'Manufacturer Part Number', '047875870918', '2017-02-28 19:17:01'),
(126, 38436843, 'Color', 'Multi', '2017-02-28 19:17:01'),
(127, 38436843, 'Publisher', 'Activision', '2017-02-28 19:17:01'),
(128, 38436843, 'Model', '047875870918', '2017-02-28 19:17:01'),
(129, 38436843, 'Brand', 'Activision', '2017-02-28 19:17:01'),
(130, 38436843, 'Assembled Product Dimensions (L x W x H)', '6.69 x 5.94 x 2.60 Inches', '2017-02-28 19:17:01'),
(131, 38436843, 'Release Date', '10/05/2014', '2017-02-28 19:17:01'),
(132, 10291379, 'Food Form', 'Morsels', '2017-02-28 19:17:29'),
(133, 10291379, 'Capacity', '12 oz (340 g)', '2017-02-28 19:17:29'),
(134, 10291379, 'Model', '21582', '2017-02-28 19:17:29'),
(135, 10291379, 'Brand', 'Nestl TOLL HOUSE', '2017-02-28 19:17:29'),
(136, 10291379, 'Recommended Use', 'Recipes:Original Nestl Toll House Chocolate Chip Cookies.Nestl Toll House Chocolate Chip Pie.', '2017-02-28 19:17:29'),
(137, 10291379, 'Certifications & Claims', 'Free From Gluten', '2017-02-28 19:17:29'),
(138, 10291379, 'Food Allergen Statements', 'Contains soy, milk ingredients.', '2017-02-28 19:17:29'),
(139, 10291379, 'Flavor', 'Semi-sweet chocolate', '2017-02-28 19:17:29'),
(140, 10291379, 'Size', '12 oz', '2017-02-28 19:17:29'),
(141, 10291379, 'Form', 'MORSEL', '2017-02-28 19:17:29'),
(142, 10291379, 'Container Type', 'BAG', '2017-02-28 19:17:29'),
(143, 10291379, 'Features', 'Semi-sweet,Real chocolate', '2017-02-28 19:17:29'),
(144, 10291379, 'Assembled Product Dimensions (L x W x H)', '1.10 x 8.00 x 3.90 Inches', '2017-02-28 19:17:29'),
(145, 46906460, 'Video Game Platform', 'Universal', '2017-02-28 19:18:15'),
(146, 46906460, 'Age Range', '12 Years & Up', '2017-02-28 19:18:15'),
(147, 46906460, 'Condition', 'New', '2017-02-28 19:18:15'),
(148, 46906460, 'Manufacturer Part Number', '712725027322', '2017-02-28 19:18:15'),
(149, 46906460, 'Publisher', 'Disney Interactive Studios', '2017-02-28 19:18:15'),
(150, 46906460, 'Model', '712725027322', '2017-02-28 19:18:15'),
(151, 46906460, 'Brand', 'Disney', '2017-02-28 19:18:15'),
(152, 46906460, 'Assembled Product Dimensions (L x W x H)', '5.00 x 0.50 x 7.50 Inches', '2017-02-28 19:18:15'),
(153, 46906460, 'Release Date', '11/03/2015', '2017-02-28 19:18:15'),
(154, 197543679, 'Video Game Platform', 'Retro', '2017-02-28 19:18:16'),
(155, 197543679, 'Color', 'Black', '2017-02-28 19:18:16'),
(156, 197543679, 'Brand', 'Old Skool', '2017-02-28 19:18:16'),
(157, 197543679, 'Assembled Product Weight', '4 Ounces', '2017-02-28 19:18:16'),
(158, 197543679, 'Assembled Product Dimensions (L x W x H)', '5.60 x 5.20 x 1.70 Inches', '2017-02-28 19:18:16'),
(159, 33023837, 'Occasion', 'Everyday', '2017-02-28 19:18:22'),
(160, 33023837, 'Aspect Ratio', 'Widescreen', '2017-02-28 19:18:22'),
(161, 33023837, 'Edition', 'First', '2017-02-28 19:18:22'),
(162, 33023837, 'Duration', '506', '2017-02-28 19:18:22'),
(163, 33023837, 'Character', 'Colin Firth and Jennifer Ehle,', '2017-02-28 19:18:22'),
(164, 33023837, 'Studio & Production Company', 'A&E Home Video', '2017-02-28 19:18:22'),
(165, 33023837, 'Record Label', 'A&E Home Video', '2017-02-28 19:18:22'),
(166, 33023837, 'Brand', 'LIONS GATE', '2017-02-28 19:18:22'),
(167, 33023837, 'Movie Genre', 'dvd - DRAMA', '2017-02-28 19:18:22'),
(168, 33023837, 'Original Languages', 'English', '2017-02-28 19:18:22'),
(169, 33023837, 'Target Audience', 'Adult', '2017-02-28 19:18:22'),
(170, 33023837, 'TV Rating', 'NR', '2017-02-28 19:18:22'),
(171, 33023837, 'Actors', 'Colin Firth, Jennifer Ehle, Julia Sawalha, Alison Steadman, Susannah Harker, Benjamin Whitrow', '2017-02-28 19:18:22'),
(172, 33023837, 'Condition', 'New', '2017-02-28 19:18:22'),
(173, 33023837, 'Color', 'Y', '2017-02-28 19:18:22'),
(174, 33023837, 'Features', '506</li><li>Release Date,1/14/2014</li></ul>,<li>DRAMA</li><li>Run Time', '2017-02-28 19:18:22'),
(175, 33023837, 'Assembled Product Weight', '0.25 Pounds', '2017-02-28 19:18:22'),
(176, 33023837, 'Assembled Product Dimensions (L x W x H)', '0.55 x 7.50 x 5.50 Inches', '2017-02-28 19:18:22'),
(177, 33023837, 'Release Date', '01/14/2014', '2017-02-28 19:18:22'),
(178, 17727992, 'Gender', 'Unisex', '2017-02-28 19:18:39'),
(179, 17727992, 'Pattern', 'Plaid', '2017-02-28 19:18:39'),
(180, 17727992, 'Cleaning, Care & Maintenance', 'Machine Washable', '2017-02-28 19:18:39'),
(181, 17727992, 'Features', 'Rod Pocket', '2017-02-28 19:18:39'),
(182, 17727992, 'Condition', 'New', '2017-02-28 19:18:39'),
(183, 17727992, 'Material', 'Polyester', '2017-02-28 19:18:39'),
(184, 17727992, 'Manufacturer Part Number', 'BCVL14BU12', '2017-02-28 19:18:39'),
(185, 17727992, 'Dimensions', '14L x 58W in.', '2017-02-28 19:18:39'),
(186, 17727992, 'Model', 'BCVL14BU12', '2017-02-28 19:18:39'),
(187, 17727992, 'Brand', 'Achim', '2017-02-28 19:18:39'),
(188, 17727992, 'Curtain Panel Style', 'Rod Pocket', '2017-02-28 19:18:39'),
(189, 17727992, 'Assembled Product Dimensions (L x W x H)', '14.00 x 58.00 x 0.75 Inches', '2017-02-28 19:18:39'),
(190, 17727992, 'Country of Origin - Components', 'Imported', '2017-02-28 19:18:39'),
(191, 17727992, 'Country of Origin - Assembly', 'Imported', '2017-02-28 19:18:39'),
(192, 32139128, 'Video Game Platform', 'PlayStation 4', '2017-02-28 19:19:24'),
(193, 32139128, 'Condition', 'New', '2017-02-28 19:19:24'),
(194, 32139128, 'Compatible Devices', 'Video Game Consoles', '2017-02-28 19:19:24'),
(195, 32139128, 'Material', 'Silicone', '2017-02-28 19:19:24'),
(196, 32139128, 'Color', 'Black', '2017-02-28 19:19:24'),
(197, 32139128, 'Brand', 'Insten', '2017-02-28 19:19:24'),
(198, 32139128, 'Compatible Brands', 'Sony', '2017-02-28 19:19:24'),
(199, 32139128, 'Assembled Product Weight', '0.079 Pounds', '2017-02-28 19:19:24'),
(200, 36904784, 'Video Game Platform', 'Xbox One', '2017-02-28 19:19:40'),
(201, 36904784, 'Condition', 'New', '2017-02-28 19:19:40'),
(202, 36904784, 'Manufacturer Part Number', 'AXB1BT', '2017-02-28 19:19:40'),
(203, 36904784, 'Color', 'Black', '2017-02-28 19:19:40'),
(204, 36904784, 'Model', 'AXB1BT', '2017-02-28 19:19:40'),
(205, 36904784, 'Brand', 'Arsenal Gaming', '2017-02-28 19:19:40'),
(206, 36904784, 'Assembled Product Dimensions (L x W x H)', '6.00 x 1.00 x 6.50 Inches', '2017-02-28 19:19:40'),
(207, 42640050, 'Is Online Multiplayer Available', 'Y', '2017-02-28 19:20:07'),
(208, 42640050, 'Video Game Platform', 'Xbox One', '2017-02-28 19:20:07'),
(209, 42640050, 'Is Downloadable Content Available', 'Y', '2017-02-28 19:20:07'),
(210, 42640050, 'Condition', 'Used', '2017-02-28 19:20:07'),
(211, 42640050, 'Subgenre', 'Sports Simulation,Basketball,Major Sports', '2017-02-28 19:20:07'),
(212, 42640050, 'Manufacturer Part Number', '886162539486', '2017-02-28 19:20:07'),
(213, 42640050, 'Genre', 'Sports & Racing', '2017-02-28 19:20:07'),
(214, 42640050, 'Publisher', 'EA Sports', '2017-02-28 19:20:07'),
(215, 42640050, 'Model', '886162539486', '2017-02-28 19:20:07'),
(216, 42640050, 'Sports League', 'NBA', '2017-02-28 19:20:07'),
(217, 42640050, 'Brand', 'Electronic Arts', '2017-02-28 19:20:07'),
(218, 42640050, 'Required Peripherals', 'Controller (Rumble)', '2017-02-28 19:20:07'),
(219, 42640050, 'Sport', 'Basketball', '2017-02-28 19:20:07'),
(220, 42640050, 'Assembled Product Dimensions (L x W x H)', '6.73 x 0.50 x 5.32 Inches', '2017-02-28 19:20:07'),
(221, 189141076, 'Manufacturer Part Number', '120202-0009e', '2017-02-28 19:20:20'),
(222, 189141076, 'Brand', 'EEEKit', '2017-02-28 19:20:20'),
(223, 189141076, 'Assembled Product Weight', '1 Pounds', '2017-02-28 19:20:20'),
(224, 189141076, 'Assembled Product Dimensions (L x W x H)', '6.00 x 1.00 x 1.00 Inches', '2017-02-28 19:20:20'),
(225, 47513553, 'Record Label', 'CD', '2017-02-28 19:20:20'),
(226, 47513553, 'Brand', 'SONY BMG MUSIC', '2017-02-28 19:20:20'),
(227, 47513553, 'Performer', 'Chris Young', '2017-02-28 19:20:20'),
(228, 47513553, 'Assembled Product Weight', '0.19 Pounds', '2017-02-28 19:20:20'),
(229, 47513553, 'Assembled Product Dimensions (L x W x H)', '5.50 x 0.50 x 7.44 Inches', '2017-02-28 19:20:20'),
(230, 165334445, 'Color', 'Blue', '2017-02-28 19:20:35'),
(231, 165334445, 'Brand', 'Hde', '2017-02-28 19:20:35'),
(232, 10249332, 'Record Label', 'CD', '2017-02-28 19:21:09'),
(233, 10249332, 'Brand', 'Sbme/Xl/Columbia', '2017-02-28 19:21:09'),
(234, 10249332, 'Performer', 'Adele', '2017-02-28 19:21:09'),
(235, 10249332, 'Assembled Product Weight', '0.23 Pounds', '2017-02-28 19:21:09'),
(236, 10249332, 'Assembled Product Dimensions (L x W x H)', '0.58 x 5.52 x 5.62 Inches', '2017-02-28 19:21:09'),
(237, 10249332, 'Release Date', '06/24/2008', '2017-02-28 19:21:09'),
(238, 50636809, 'Record Label', 'CD', '2017-02-28 19:21:25'),
(239, 50636809, 'Brand', 'UMGD', '2017-02-28 19:21:25'),
(240, 50636809, 'Performer', 'Ariana Grande', '2017-02-28 19:21:25'),
(241, 50636809, 'Assembled Product Weight', '0.23 Pounds', '2017-02-28 19:21:25'),
(242, 50636809, 'Assembled Product Dimensions (L x W x H)', '5.50 x 0.50 x 7.44 Inches', '2017-02-28 19:21:25'),
(243, 45622108, 'Record Label', 'CD', '2017-02-28 19:21:45'),
(244, 45622108, 'Brand', 'Anderson', '2017-02-28 19:21:45'),
(245, 45622108, 'Performer', 'Moonshine Bandits', '2017-02-28 19:21:45'),
(246, 45622108, 'Assembled Product Weight', '0.2 Pounds', '2017-02-28 19:21:45'),
(247, 45622108, 'Assembled Product Dimensions (L x W x H)', '5.50 x 0.50 x 7.44 Inches', '2017-02-28 19:21:45'),
(248, 45622108, 'Release Date', '07/17/2015', '2017-02-28 19:21:45'),
(249, 20923721, 'Food Form', 'Solid', '2017-02-28 19:22:43'),
(250, 20923721, 'Certifications & Claims', '14,15', '2017-02-28 19:22:43'),
(251, 20923721, 'Capacity', '6 - 1 oz boxes [6 oz (170 g)]', '2017-02-28 19:22:43'),
(252, 20923721, 'Flavor', 'NOT STATED', '2017-02-28 19:22:43'),
(253, 20923721, 'Form', 'WHOLE', '2017-02-28 19:22:43'),
(254, 20923721, 'Container Type', 'PACK', '2017-02-28 19:22:43'),
(255, 20923721, 'Model', '12010', '2017-02-28 19:22:43'),
(256, 20923721, 'Brand', 'SUN-MAID', '2017-02-28 19:22:43'),
(257, 20923721, 'Assembled Product Weight', '0.44 Pounds', '2017-02-28 19:22:43'),
(258, 20923721, 'Assembled Product Dimensions (L x W x H)', '1.45 x 6.50 x 2.92 Inches', '2017-02-28 19:22:43'),
(259, 21002567, 'Shape', 'Rectangle', '2017-02-28 19:22:45'),
(260, 21002567, 'Gender', 'Unisex', '2017-02-28 19:22:45'),
(261, 21002567, 'Rug Size', 'Under 2\' x 3\',19.5" x 34"', '2017-02-28 19:22:45'),
(262, 21002567, 'Assembled Product Dimensions (L x W x H)', '34.00 x 19.50 x 0.50 Inches', '2017-02-28 19:22:45'),
(263, 21002567, 'Count', '1', '2017-02-28 19:22:45'),
(264, 21002567, 'Material', 'Cut Pile,Nylon', '2017-02-28 19:22:45'),
(265, 21002567, 'Manufacturer Part Number', 'MS12-005-005-27', '2017-02-28 19:22:45'),
(266, 21002567, 'Model', 'MS12-005-005-27', '2017-02-28 19:22:45'),
(267, 21002567, 'Brand', 'Mainstays', '2017-02-28 19:22:45'),
(268, 21002567, 'Country of Origin - Components', 'USA', '2017-02-28 19:22:45'),
(269, 21002567, 'Country of Origin - Assembly', 'USA', '2017-02-28 19:22:45'),
(270, 53987570, 'Brand', 'THE PIONEER WOMAN', '2017-02-28 19:23:06'),
(271, 53987570, 'Count', '4', '2017-02-28 19:23:06'),
(272, 53987570, 'Material', 'Cotton', '2017-02-28 19:23:06'),
(273, 53987570, 'Manufacturer Part Number', '160433KT4 001', '2017-02-28 19:23:06'),
(274, 53987570, 'Color', 'Multicolor', '2017-02-28 19:23:06'),
(275, 53987570, 'Model', '160433KT4 001', '2017-02-28 19:23:06'),
(276, 53987570, 'Country of Origin - Components', 'Imported', '2017-02-28 19:23:06'),
(277, 53987570, 'Country of Origin - Assembly', 'Imported', '2017-02-28 19:23:06'),
(278, 2508504, 'Record Label', 'CD', '2017-02-28 19:23:22'),
(279, 2508504, 'Brand', 'UMGD', '2017-02-28 19:23:22'),
(280, 2508504, 'Performer', 'Walt Disney Records', '2017-02-28 19:23:22'),
(281, 2508504, 'Assembled Product Weight', '0.19 Pounds', '2017-02-28 19:23:22'),
(282, 2508504, 'Assembled Product Dimensions (L x W x H)', '0.42 x 5.00 x 5.63 Inches', '2017-02-28 19:23:22'),
(283, 2508504, 'Release Date', '01/27/2004', '2017-02-28 19:23:22'),
(284, 54065298, 'Music Genre', 'Christian', '2017-02-28 19:23:27'),
(285, 54065298, 'Record Label', 'CD', '2017-02-28 19:23:27'),
(286, 54065298, 'Brand', 'SELECT-O-HITS, INC.', '2017-02-28 19:23:27'),
(287, 54065298, 'Performer', 'Soundtrack', '2017-02-28 19:23:27'),
(288, 54065298, 'Assembled Product Weight', '0.22 Pounds', '2017-02-28 19:23:27'),
(289, 54065298, 'Assembled Product Dimensions (L x W x H)', '5.50 x 0.50 x 7.44 Inches', '2017-02-28 19:23:27'),
(290, 26853757, 'Record Label', 'CD', '2017-02-28 19:23:29'),
(291, 26853757, 'Brand', 'WEA CORP', '2017-02-28 19:23:29'),
(292, 26853757, 'Performer', 'Bruno Mars', '2017-02-28 19:23:29'),
(293, 26853757, 'Assembled Product Weight', '0.19 Pounds', '2017-02-28 19:23:29'),
(294, 26853757, 'Assembled Product Dimensions (L x W x H)', '5.50 x 0.50 x 7.44 Inches', '2017-02-28 19:23:29'),
(295, 854760, 'Record Label', 'CD', '2017-02-28 19:23:30'),
(296, 854760, 'Brand', 'UMGD', '2017-02-28 19:23:30'),
(297, 854760, 'Performer', 'The Mamas &amp; the Papas', '2017-02-28 19:23:30'),
(298, 854760, 'Assembled Product Weight', '0.19 Pounds', '2017-02-28 19:23:30'),
(299, 854760, 'Assembled Product Dimensions (L x W x H)', '5.50 x 0.50 x 7.44 Inches', '2017-02-28 19:23:30'),
(300, 20699291, 'Manufacturer Part Number', '793018928229', '2017-02-28 19:23:35'),
(301, 20699291, 'Record Label', 'CD', '2017-02-28 19:23:35'),
(302, 20699291, 'Brand', 'UMGD', '2017-02-28 19:23:35'),
(303, 20699291, 'Performer', 'Kidz Bop Kids', '2017-02-28 19:23:35'),
(304, 20699291, 'Assembled Product Weight', '0.19 Pounds', '2017-02-28 19:23:35'),
(305, 20699291, 'Assembled Product Dimensions (L x W x H)', '5.50 x 0.50 x 7.44 Inches', '2017-02-28 19:23:35'),
(306, 1026235, 'Record Label', 'CD', '2017-02-28 19:23:36'),
(307, 1026235, 'Brand', 'SONY BMG MUSIC', '2017-02-28 19:23:36'),
(308, 1026235, 'Performer', 'Jose Alfredo Jimenez', '2017-02-28 19:23:36'),
(309, 1026235, 'Assembled Product Weight', '0.19 Pounds', '2017-02-28 19:23:36'),
(310, 1026235, 'Assembled Product Dimensions (L x W x H)', '5.50 x 0.50 x 7.44 Inches', '2017-02-28 19:23:36'),
(311, 1026235, 'Release Date', '02/28/1997', '2017-02-28 19:23:36'),
(312, 55300518, 'Record Label', 'CD', '2017-02-28 19:23:55'),
(313, 55300518, 'Brand', 'Anderson', '2017-02-28 19:23:55'),
(314, 55300518, 'Performer', 'Karaoke', '2017-02-28 19:23:55'),
(315, 55300518, 'Assembled Product Weight', '0.24 Pounds', '2017-02-28 19:23:55'),
(316, 55300518, 'Assembled Product Dimensions (L x W x H)', '5.50 x 0.50 x 7.44 Inches', '2017-02-28 19:23:55'),
(317, 55348205, 'Record Label', 'CD', '2017-02-28 19:23:58'),
(318, 55348205, 'Brand', 'Anderson', '2017-02-28 19:23:58'),
(319, 55348205, 'Performer', 'Bell Biv DeVoe', '2017-02-28 19:23:58'),
(320, 55348205, 'Assembled Product Weight', '24 Pounds', '2017-02-28 19:23:58'),
(321, 55348205, 'Assembled Product Dimensions (L x W x H)', '5.50 x 0.50 x 7.44 Inches', '2017-02-28 19:23:58'),
(322, 47150473, 'Fill Material', 'Memory Foam', '2017-02-28 19:24:03'),
(323, 47150473, 'Bed Size', 'Twin', '2017-02-28 19:24:03'),
(324, 47150473, 'Pattern', 'Solid Print', '2017-02-28 19:24:03'),
(325, 47150473, 'Recommended Location', 'Indoor', '2017-02-28 19:24:03'),
(326, 47150473, 'Features', 'Mainstays mattress pad cuts easily with household scissors', '2017-02-28 19:24:03'),
(327, 47150473, 'Size', 'Twin', '2017-02-28 19:24:03'),
(328, 47150473, 'Material', 'Memory-Foam', '2017-02-28 19:24:03'),
(329, 47150473, 'Manufacturer Part Number', 'MS15-006-647-15', '2017-02-28 19:24:03'),
(330, 47150473, 'Color', 'White', '2017-02-28 19:24:03'),
(331, 47150473, 'Model', '0003137455432', '2017-02-28 19:24:03'),
(332, 47150473, 'Brand', 'Mainstays', '2017-02-28 19:24:03'),
(333, 47150473, 'Assembled Product Dimensions (L x W x H)', '70.00 x 60.00 x 0.50 Inches', '2017-02-28 19:24:03'),
(334, 47150473, 'Country of Origin - Components', 'USA', '2017-02-28 19:24:03'),
(335, 47150473, 'Country of Origin - Assembly', 'USA', '2017-02-28 19:24:03'),
(336, 54372104, 'Material', 'Stone', '2017-02-28 19:24:10'),
(337, 54372104, 'Manufacturer Part Number', '115901.05R', '2017-02-28 19:24:10'),
(338, 54372104, 'Model', '115901.05R', '2017-02-28 19:24:10'),
(339, 54372104, 'Brand', 'THE PIONEER WOMAN', '2017-02-28 19:24:10'),
(340, 54372104, 'Assembled Product Dimensions (L x W x H)', '6.00 x 7.00 x 8.00 Inches', '2017-02-28 19:24:10'),
(341, 38591215, 'Occasion', 'Any', '2017-02-28 19:24:34'),
(342, 38591215, 'Lifespan', '25000.0', '2017-02-28 19:24:34'),
(343, 38591215, 'Model', 'GVRLAO1050D', '2017-02-28 19:24:34'),
(344, 38591215, 'Finish', 'White', '2017-02-28 19:24:34'),
(345, 38591215, 'Brand', 'Great Value', '2017-02-28 19:24:34'),
(346, 38591215, 'Recommended Room', 'Any', '2017-02-28 19:24:34'),
(347, 38591215, 'Recommended Use', 'Table Lamps', '2017-02-28 19:24:34'),
(348, 38591215, 'Recommended Location', 'Outdoor,Indoor', '2017-02-28 19:24:34'),
(349, 38591215, 'Light Bulb Type', 'Light-Emitting Diode (LED)', '2017-02-28 19:24:34'),
(350, 38591215, 'Condition', 'New', '2017-02-28 19:24:34'),
(351, 38591215, 'Form', 'NOT STATED', '2017-02-28 19:24:34'),
(352, 38591215, 'Manufacturer Part Number', 'GVRLAO1050D', '2017-02-28 19:24:34'),
(353, 38591215, 'Color', 'White', '2017-02-28 19:24:34'),
(354, 38591215, 'Container Type', 'Box', '2017-02-28 19:24:34'),
(355, 38591215, 'Assembled Product Dimensions (L x W x H)', '3.19 x 3.19 x 5.19 Inches', '2017-02-28 19:24:34'),
(356, 14940568, 'Is Recyclable', '46%', '2017-02-28 19:24:55'),
(357, 14940568, 'Is Made From Recycled Material', 'Y', '2017-02-28 19:24:55'),
(358, 14940568, 'Number of Sheets', '375', '2017-02-28 19:24:55'),
(359, 14940568, 'Model', '5731', '2017-02-28 19:24:55'),
(360, 14940568, 'Brand', 'Avery', '2017-02-28 19:24:55'),
(361, 14940568, 'Bed Size', '11" x 8 1/2"', '2017-02-28 19:24:55'),
(362, 14940568, 'Video Game Platform', 'PC', '2017-02-28 19:24:55'),
(363, 14940568, 'Condition', 'New', '2017-02-28 19:24:55'),
(364, 14940568, 'Size', '2"', '2017-02-28 19:24:55'),
(365, 14940568, 'Material', 'Vinyl', '2017-02-28 19:24:55'),
(366, 14940568, 'Manufacturer Part Number', 'AVE05731', '2017-02-28 19:24:55'),
(367, 14940568, 'Color', 'White', '2017-02-28 19:24:55'),
(368, 14940568, 'Fastener Type', 'Round Ring', '2017-02-28 19:24:55'),
(369, 14940568, 'Features', 'Clear Overlay,Gap-free Ring,Non Locking Mechanism,Rivet', '2017-02-28 19:24:55'),
(370, 14947940, 'manufacturer_part_number', 'ICON:PATSY', '2017-02-28 19:26:16'),
(371, 14947940, 'Record Label', 'CD', '2017-02-28 19:26:16'),
(372, 14947940, 'Brand', 'UMGD', '2017-02-28 19:26:16'),
(373, 14947940, 'Performer', 'Patsy Cline', '2017-02-28 19:26:16'),
(374, 14947940, 'Assembled Product Weight', '0.19 Pounds', '2017-02-28 19:26:16'),
(375, 14947940, 'Assembled Product Dimensions (L x W x H)', '0.40 x 4.90 x 5.60 Inches', '2017-02-28 19:26:16'),
(376, 44990832, 'Record Label', 'CD', '2017-02-28 19:26:21'),
(377, 44990832, 'Brand', 'WEA CORP', '2017-02-28 19:26:21'),
(378, 44990832, 'Performer', 'Big Smo', '2017-02-28 19:26:21'),
(379, 44990832, 'Assembled Product Weight', '0.19 Pounds', '2017-02-28 19:26:21'),
(380, 44990832, 'Assembled Product Dimensions (L x W x H)', '5.50 x 0.50 x 7.44 Inches', '2017-02-28 19:26:21'),
(381, 44990832, 'Release Date', '06/16/2015', '2017-02-28 19:26:21'),
(382, 35777372, 'Shape', 'Rectangle', '2017-02-28 19:26:22'),
(383, 35777372, 'Rug Size', '17" x 24",Under 2\' x 3\'', '2017-02-28 19:26:22'),
(384, 35777372, 'Features', 'Machine Wash', '2017-02-28 19:26:22'),
(385, 35777372, 'Count', '1', '2017-02-28 19:26:22'),
(386, 35777372, 'Material', 'Machine Made,Cotton', '2017-02-28 19:26:22'),
(387, 35777372, 'Manufacturer Part Number', 'BH14-005-299-33', '2017-02-28 19:26:22'),
(388, 35777372, 'Container Type', 'PACKAGE NOT AVAILABLE', '2017-02-28 19:26:22'),
(389, 35777372, 'Model', 'BH14-005-299-33', '2017-02-28 19:26:22'),
(390, 35777372, 'Brand', 'Better Homes and Gardens', '2017-02-28 19:26:22'),
(391, 35777372, 'Assembled Product Dimensions (L x W x H)', '24.00 x 17.00 x 0.50 Inches', '2017-02-28 19:26:22'),
(392, 35777372, 'Country of Origin - Components', 'Imported', '2017-02-28 19:26:22'),
(393, 35777372, 'Country of Origin - Assembly', 'Imported', '2017-02-28 19:26:22'),
(394, 44729101, 'Record Label', 'CD', '2017-02-28 19:26:30'),
(395, 44729101, 'Brand', 'UMGD', '2017-02-28 19:26:30'),
(396, 44729101, 'Performer', 'Breaking Benjamin', '2017-02-28 19:26:30'),
(397, 44729101, 'Assembled Product Weight', '0.2 Pounds', '2017-02-28 19:26:30'),
(398, 44729101, 'Assembled Product Dimensions (L x W x H)', '5.50 x 0.50 x 7.44 Inches', '2017-02-28 19:26:30'),
(399, 44729101, 'Release Date', '06/23/2015', '2017-02-28 19:26:30'),
(400, 5030740, 'Record Label', 'CD', '2017-02-28 19:26:31'),
(401, 5030740, 'Brand', 'UMGD', '2017-02-28 19:26:31'),
(402, 5030740, 'Performer', 'Eric Church', '2017-02-28 19:26:31'),
(403, 5030740, 'Assembled Product Weight', '0.22 Pounds', '2017-02-28 19:26:31'),
(404, 5030740, 'Assembled Product Dimensions (L x W x H)', '0.40 x 5.00 x 5.60 Inches', '2017-02-28 19:26:31'),
(405, 5030740, 'Release Date', '07/18/2006', '2017-02-28 19:26:31'),
(406, 15902642, 'Record Label', 'CD', '2017-02-28 19:26:41'),
(407, 15902642, 'Brand', 'PANIC! AT THE DISCO', '2017-02-28 19:26:41'),
(408, 15902642, 'Performer', 'Panic&#33; At The Disco', '2017-02-28 19:26:41'),
(409, 15902642, 'Assembled Product Weight', '0.21 Pounds', '2017-02-28 19:26:41'),
(410, 15902642, 'Assembled Product Dimensions (L x W x H)', '0.38 x 5.02 x 5.96 Inches', '2017-02-28 19:26:41'),
(411, 43913018, 'Record Label', 'CD', '2017-02-28 19:27:08'),
(412, 43913018, 'Brand', 'WEA CORP', '2017-02-28 19:27:08'),
(413, 43913018, 'Performer', 'Halestorm', '2017-02-28 19:27:08'),
(414, 43913018, 'Assembled Product Weight', '0.21 Pounds', '2017-02-28 19:27:08'),
(415, 43913018, 'Assembled Product Dimensions (L x W x H)', '5.50 x 0.50 x 7.44 Inches', '2017-02-28 19:27:08'),
(416, 43913018, 'Release Date', '04/14/2015', '2017-02-28 19:27:08'),
(417, 55052747, 'Record Label', 'CD', '2017-02-28 19:27:33'),
(418, 55052747, 'Brand', 'Anderson', '2017-02-28 19:27:33'),
(419, 55052747, 'Performer', 'Kane Brown', '2017-02-28 19:27:33'),
(420, 55052747, 'Assembled Product Weight', '0.24 Pounds', '2017-02-28 19:27:33'),
(421, 55052747, 'Assembled Product Dimensions (L x W x H)', '5.50 x 0.50 x 7.44 Inches', '2017-02-28 19:27:33'),
(422, 37296952, 'Record Label', 'CD', '2017-02-28 19:27:35'),
(423, 37296952, 'Brand', 'SONY BMG MUSIC', '2017-02-28 19:27:35'),
(424, 37296952, 'Performer', 'Sia', '2017-02-28 19:27:35'),
(425, 37296952, 'Assembled Product Weight', '0.22 Pounds', '2017-02-28 19:27:35'),
(426, 37296952, 'Assembled Product Dimensions (L x W x H)', '5.50 x 0.50 x 7.44 Inches', '2017-02-28 19:27:35'),
(427, 862972, 'Record Label', 'CD', '2017-02-28 19:27:46'),
(428, 862972, 'Brand', 'UMGD', '2017-02-28 19:27:46'),
(429, 862972, 'Performer', 'Kool &amp; the Gang', '2017-02-28 19:27:46'),
(430, 862972, 'Assembled Product Weight', '0.2 Pounds', '2017-02-28 19:27:46'),
(431, 862972, 'Assembled Product Dimensions (L x W x H)', '5.50 x 0.50 x 7.44 Inches', '2017-02-28 19:27:46'),
(432, 862972, 'Release Date', '02/01/2000', '2017-02-28 19:27:46');

-- --------------------------------------------------------

--
-- Table structure for table `product_options`
--

CREATE TABLE `product_options` (
  `option_id` bigint(20) NOT NULL,
  `option_size` varchar(500) NOT NULL,
  `option_color` varchar(500) NOT NULL,
  `value` varchar(200) NOT NULL,
  `product_id` bigint(20) NOT NULL,
  `create_date` datetime NOT NULL
) ENGINE=InnoDB DEFAULT CHARSET=latin1;

--
-- Dumping data for table `product_options`
--

INSERT INTO `product_options` (`option_id`, `option_size`, `option_color`, `value`, `product_id`, `create_date`) VALUES
(85, '1\'7.5" x 2\'8"', 'Green Glory', '$5.44', 21002567, '2017-02-28 19:22:45'),
(86, '1\'7.5" x 2\'8"', 'Red Flag', '$5.44', 21002567, '2017-02-28 19:22:45'),
(87, '1\'11" x 3\'3"', 'Teal Sachet', '$14.87', 21002567, '2017-02-28 19:22:45'),
(88, '1\'11" x 3\'3"', 'Fuchsia Supreme', '$14.87', 21002567, '2017-02-28 19:22:45'),
(89, '1\'11" x 3\'3"', 'Spearmint', '$14.87', 21002567, '2017-02-28 19:22:45'),
(90, '1\'11" x 3\'3"', 'Rich Black', '$14.87', 21002567, '2017-02-28 19:22:45'),
(91, '1\'11" x 3\'3"', 'Costa Brown', '$14.87', 21002567, '2017-02-28 19:22:45'),
(92, '1\'11" x 3\'3"', 'Coral', '$14.87', 21002567, '2017-02-28 19:22:45'),
(93, '1\'11" x 3\'3"', 'Royal Spice', '$14.87', 21002567, '2017-02-28 19:22:45'),
(94, '1\'11" x 3\'3"', 'Acorn', '$14.87', 21002567, '2017-02-28 19:22:45'),
(95, '1\'11" x 3\'3"', 'Red Sedona', '$14.87', 21002567, '2017-02-28 19:22:45'),
(96, '1\'11" x 3\'3"', 'Violet Sky', '$14.87', 21002567, '2017-02-28 19:22:45'),
(97, '1\'11" x 3\'3"', 'Deep Cobalt', '$14.87', 21002567, '2017-02-28 19:22:45'),
(98, '1\'7.5" x 2\'10"', 'Teal Sachet', '$9.87', 21002567, '2017-02-28 19:22:45'),
(99, '1\'7.5" x 2\'10"', 'Arctic White', '$7.5', 21002567, '2017-02-28 19:22:45'),
(100, '1\'7.5" x 2\'10"', 'Fuchsia Supreme', '$9.87', 21002567, '2017-02-28 19:22:45'),
(101, '1\'7.5" x 2\'10"', 'Spearmint', '$9.87', 21002567, '2017-02-28 19:22:45'),
(102, '1\'7.5" x 2\'10"', 'Rich Black', '$9.87', 21002567, '2017-02-28 19:22:45'),
(103, '1\'7.5" x 2\'10"', 'Costa Brown', '$9.87', 21002567, '2017-02-28 19:22:45'),
(104, '1\'7.5" x 2\'10"', 'Coral', '$9.87', 21002567, '2017-02-28 19:22:45'),
(105, '1\'7.5" x 2\'10"', 'Royal Spice', '$9.87', 21002567, '2017-02-28 19:22:45'),
(106, '1\'7.5" x 2\'10"', 'Acorn', '$9.87', 21002567, '2017-02-28 19:22:45'),
(107, '1\'7.5" x 2\'10"', 'Purple Pluto', '$6.84', 21002567, '2017-02-28 19:22:45'),
(108, '1\'7.5" x 2\'10"', 'Red Sedona', '$9.87', 21002567, '2017-02-28 19:22:45'),
(109, '1\'7.5" x 2\'10"', 'Grey Flannel', '$9.87', 21002567, '2017-02-28 19:22:45'),
(110, '1\'7.5" x 2\'10"', 'Mint Wave', '$6.84', 21002567, '2017-02-28 19:22:45'),
(111, '1\'7.5" x 2\'10"', 'Violet Sky', '$9.87', 21002567, '2017-02-28 19:22:45'),
(112, '1\'7.5" x 2\'10"', 'Deep Cobalt', '$9.87', 21002567, '2017-02-28 19:22:45'),
(113, '1\'5" x 2\'', 'Rich Black', '$6.09', 21002567, '2017-02-28 19:22:45'),
(114, '1\'5" x 2\'', 'Blue Streak', '$5.64', 21002567, '2017-02-28 19:22:45'),
(115, '1\'5" x 2\'', 'Vallejo Tan', '$4.95', 21002567, '2017-02-28 19:22:45'),
(116, '1\'5" x 2\'', 'Gold', '$4.82', 21002567, '2017-02-28 19:22:45'),
(117, '1\'5" x 2\'', 'Warm Chocolate', '$5.9', 21002567, '2017-02-28 19:22:45'),
(118, '1\'5" x 2\'', 'Sage Legum', '$4.32', 21002567, '2017-02-28 19:22:45'),
(119, '1\'11" x 3\'2"', 'Red Flag', '$7.84', 21002567, '2017-02-28 19:22:45'),
(120, '1\'9" x 2\'10"', 'White', '$14.97', 35777372, '2017-02-28 19:26:22'),
(121, '1\'9" x 2\'10"', 'Costa Brown', '$14.97', 35777372, '2017-02-28 19:26:22'),
(122, '1\'9" x 2\'10"', 'Grey Shadow', '$14.97', 35777372, '2017-02-28 19:26:22'),
(123, '1\'5" x 2\'', 'White', '$9.97', 35777372, '2017-02-28 19:26:22'),
(124, '1\'5" x 2\'', 'Aquifier', '$9.97', 35777372, '2017-02-28 19:26:22'),
(125, '1\'5" x 2\'', 'Costa Brown', '$9.97', 35777372, '2017-02-28 19:26:22'),
(126, '1\'5" x 2\'', 'Coral', '$9.97', 35777372, '2017-02-28 19:26:22'),
(127, '1\'5" x 2\'', 'Grey Shadow', '$9.97', 35777372, '2017-02-28 19:26:22'),
(128, '2\' x 3\'4"', 'White', '$19.97', 35777372, '2017-02-28 19:26:22'),
(129, '2\' x 3\'4"', 'Aquifier', '$19.97', 35777372, '2017-02-28 19:26:22');

-- --------------------------------------------------------

--
-- Table structure for table `product_picture`
--

CREATE TABLE `product_picture` (
  `picture_id` bigint(20) NOT NULL,
  `product_id` bigint(20) NOT NULL,
  `picture_url` text CHARACTER SET utf8 NOT NULL,
  `create_date` datetime NOT NULL
) ENGINE=InnoDB DEFAULT CHARSET=latin1;

--
-- Dumping data for table `product_picture`
--

INSERT INTO `product_picture` (`picture_id`, `product_id`, `picture_url`, `create_date`) VALUES
(70, 186225931, 'https://i5.walmartimages.com/asr/ab625011-fc56-447d-aa1c-ae1ec768c349_1.73931c358ceb616f03daa391cd29dbfd.jpeg?odnHeight=450&odnWidth=450&odnBg=FFFFFF', '2017-02-28 18:48:49'),
(71, 173086791, 'https://i5.walmartimages.com/asr/36b4631f-9b17-4cf1-bdf1-4104ea24eeb3_1.c4af8ca00848beb4fe48d420ed878839.jpeg?odnHeight=450&odnWidth=450&odnBg=FFFFFF', '2017-02-28 18:49:14'),
(72, 173086791, 'https://i5.walmartimages.com/asr/32671ece-0734-4878-8603-5ca8c4d1728a_1.74ab8d37a5b8f6fe18c2b76fd9108073.jpeg?odnHeight=450&odnWidth=450&odnBg=FFFFFF', '2017-02-28 18:49:14'),
(73, 173086791, 'https://i5.walmartimages.com/asr/25614ef9-f180-40f8-9ae9-3ccec9c45f16_1.fa9db5a0bd6a7f58470c1463f371e21c.jpeg?odnHeight=450&odnWidth=450&odnBg=FFFFFF', '2017-02-28 18:49:14'),
(74, 173086791, 'https://i5.walmartimages.com/asr/7ffe93b2-ad20-4157-82bc-8cd2cf2da137_1.f50882d8061665696f7f2fe98aaa8bf6.jpeg?odnHeight=450&odnWidth=450&odnBg=FFFFFF', '2017-02-28 18:49:14'),
(75, 173086791, 'https://i5.walmartimages.com/asr/f7bdd4bc-795a-4d4a-842a-197c5a19a709_1.e5d43395c380000707f88cabc3067d7c.jpeg?odnHeight=450&odnWidth=450&odnBg=FFFFFF', '2017-02-28 18:49:14'),
(76, 173086791, 'https://i5.walmartimages.com/asr/cac97be0-1492-4f88-9cf1-c59bf48fbf37_1.ed66825d9ca00b336ebb0dfebd0a62a3.jpeg?odnHeight=450&odnWidth=450&odnBg=FFFFFF', '2017-02-28 18:49:14'),
(77, 173086791, 'https://i5.walmartimages.com/asr/3aff9d6f-1950-4749-82e0-86015d259c6f_1.8d4d4f711855587d860224bf6d6e7da2.jpeg?odnHeight=450&odnWidth=450&odnBg=FFFFFF', '2017-02-28 18:49:14'),
(78, 54748292, 'https://i5.walmartimages.com/asr/c7cf7165-30dd-472c-8409-647bfd17482e_1.e640e890fa308e6bb629393d1dce15c0.jpeg?odnHeight=450&odnWidth=450&odnBg=FFFFFF', '2017-02-28 19:06:24'),
(79, 24269861, 'https://i5.walmartimages.com/asr/20b43628-3a04-415b-aac4-0850a304ace3_1.c1e062db497094f4cca539c98c974671.jpeg?odnHeight=450&odnWidth=450&odnBg=FFFFFF', '2017-02-28 19:07:18'),
(80, 24269861, 'https://i5.walmartimages.com/asr/16addff6-ce14-4048-88b9-a51e3c8ef0c9_1.3b9d09b8a58e7c62e1bb4066d7685db0.jpeg?odnHeight=450&odnWidth=450&odnBg=FFFFFF', '2017-02-28 19:07:18'),
(81, 24269861, 'https://i5.walmartimages.com/asr/60edf071-551a-4169-886c-dd410b3f0dbc_1.57226e367904ad3d6dea38d799d2098d.jpeg?odnHeight=450&odnWidth=450&odnBg=FFFFFF', '2017-02-28 19:07:18'),
(82, 24269861, 'https://i5.walmartimages.com/asr/ccf6c4eb-e544-49e7-b412-ec4d0034dfcb_1.e966f7783d556c9a0aac8a16f88d9e7f.jpeg?odnHeight=450&odnWidth=450&odnBg=FFFFFF', '2017-02-28 19:07:18'),
(83, 24269861, 'https://i5.walmartimages.com/asr/d62a737a-85ea-4d96-b080-7305a3d5a548_1.668a17ad69372641227cda7e50645506.jpeg?odnHeight=450&odnWidth=450&odnBg=FFFFFF', '2017-02-28 19:07:18'),
(84, 24269861, 'https://i5.walmartimages.com/asr/ce333ac5-9940-4d5b-9a89-580d5e59c761_1.5d356c739e3062ff1b85c6a5c9b07acd.jpeg?odnHeight=450&odnWidth=450&odnBg=FFFFFF', '2017-02-28 19:07:18'),
(85, 14906260, 'https://i5.walmartimages.com/asr/b75f523c-50b9-4af9-918e-2a794d56d589_1.e0b4bdb7e3ad5140416d49d84847234c.jpeg?odnHeight=450&odnWidth=450&odnBg=FFFFFF', '2017-02-28 19:15:57'),
(86, 14906260, 'https://i5.walmartimages.com/asr/c3b3ae40-ad71-4625-b048-f865e8587b3f_1.9576116ef76813703a2eb4a63371599e.jpeg?odnHeight=450&odnWidth=450&odnBg=FFFFFF', '2017-02-28 19:15:57'),
(87, 14906260, 'https://i5.walmartimages.com/asr/dcbe9f16-97e8-473b-b908-84eb450a996a_1.c025d2c054a53e877e6cf8c7881e3e7b.jpeg?odnHeight=450&odnWidth=450&odnBg=FFFFFF', '2017-02-28 19:15:57'),
(88, 49580530, 'https://i5.walmartimages.com/asr/6da9207d-7843-4c5e-985d-32864330f9d7_1.0f5d4c7cc8f90e8fb472a663a5a87f51.jpeg?odnHeight=450&odnWidth=450&odnBg=FFFFFF', '2017-02-28 19:15:57'),
(89, 49580530, 'https://i5.walmartimages.com/asr/be67be2c-a6d4-4a37-9097-f41b3f4e9ee7_1.a40548743d6d716847a59cce494e613e.jpeg?odnHeight=450&odnWidth=450&odnBg=FFFFFF', '2017-02-28 19:15:57'),
(90, 23736205, 'https://i5.walmartimages.com/asr/bfe1acc5-34ed-4afa-9d49-a1c5ba2a4589_1.3661b59071a1fe5bdc2f6faafc2bbbf6.jpeg?odnHeight=450&odnWidth=450&odnBg=FFFFFF', '2017-02-28 19:16:00'),
(91, 38363132, 'https://i5.walmartimages.com/asr/e31e9cf1-3d33-45ca-917c-8863fdbaf846_1.8d99a7a8a3f486dbf2841016855eea52.jpeg?odnHeight=450&odnWidth=450&odnBg=FFFFFF', '2017-02-28 19:16:42'),
(92, 38436843, 'https://i5.walmartimages.com/asr/51414ddf-075f-4275-899d-d12b575da090_2.434bdd38f65d1e0b6f5fcbb4c54dbe54.jpeg?odnHeight=450&odnWidth=450&odnBg=FFFFFF', '2017-02-28 19:17:01'),
(93, 10291379, 'https://i5.walmartimages.com/asr/7986bcc9-955b-40c3-82f7-a2c5e0126b25_2.f48dc151ea3d906bf5d970b3f620da25.jpeg?odnHeight=450&odnWidth=450&odnBg=FFFFFF', '2017-02-28 19:17:29'),
(94, 10291379, 'https://i5.walmartimages.com/asr/8dcd5d9d-f288-4ada-ae4f-befdd9889747_1.e5b5211e2e301b7789e2711ea24b4b6b.jpeg?odnHeight=450&odnWidth=450&odnBg=FFFFFF', '2017-02-28 19:17:29'),
(95, 10291379, 'https://i5.walmartimages.com/asr/8404ea7a-2fae-4121-9c99-e391b9f07ee2_2.e750f2183e9c359527699fd1950cbd3d.jpeg?odnHeight=450&odnWidth=450&odnBg=FFFFFF', '2017-02-28 19:17:29'),
(96, 10291379, 'https://i5.walmartimages.com/asr/058d5a8b-6c3f-4a0b-aee8-33ef25aab1c8_1.f2935622dd3926171325018118d47611.jpeg?odnHeight=450&odnWidth=450&odnBg=FFFFFF', '2017-02-28 19:17:29'),
(97, 46906460, 'https://i5.walmartimages.com/asr/b338d777-b975-4944-a31e-428db9c48576_1.219bbe8b2aa9fc1e7882a0c8268a9108.jpeg?odnHeight=450&odnWidth=450&odnBg=FFFFFF', '2017-02-28 19:18:15'),
(98, 197543679, 'https://i5.walmartimages.com/asr/1dfe8129-bb67-40be-b3ca-4922ba76f088_1.f9c661518d1ed9d4c3804075c702fc00.jpeg?odnHeight=450&odnWidth=450&odnBg=FFFFFF', '2017-02-28 19:18:16'),
(99, 33023837, 'https://i5.walmartimages.com/asr/970e9ffa-5dc1-4934-b2ee-51b031cd9a34_1.f7d853332357298dcdb36406c7055dc6.jpeg?odnHeight=450&odnWidth=450&odnBg=FFFFFF', '2017-02-28 19:18:22'),
(100, 17727992, 'https://i5.walmartimages.com/asr/3135aeba-3720-425f-bd3b-45cd902d2048_1.2ac89c59ca45e57662a18784772a0c8d.jpeg?odnHeight=450&odnWidth=450&odnBg=FFFFFF', '2017-02-28 19:18:39'),
(101, 17727992, 'https://i5.walmartimages.com/asr/7332d8e0-80c4-4a11-b3ff-fb4a2ed61ce2_1.b6058d2aea7115afe5e0bad3c574e366.jpeg?odnHeight=450&odnWidth=450&odnBg=FFFFFF', '2017-02-28 19:18:39'),
(102, 17727992, 'https://i5.walmartimages.com/asr/bb6c8fd2-62e0-4016-9ba2-10982df108c2_1.fb6af5844e1e15f799996a9092431691.jpeg?odnHeight=450&odnWidth=450&odnBg=FFFFFF', '2017-02-28 19:18:39'),
(103, 17727992, 'https://i5.walmartimages.com/asr/176b5a3a-e78a-40da-a492-d6c5ee48e452_1.786800ec8971d9698dbfc85f980b446e.jpeg?odnHeight=450&odnWidth=450&odnBg=FFFFFF', '2017-02-28 19:18:39'),
(104, 17727992, 'https://i5.walmartimages.com/asr/1d1c8a01-2ab4-4b63-9654-20e96569d64a_1.5b402129383ced4af7ad85fe39ffb959.jpeg?odnHeight=450&odnWidth=450&odnBg=FFFFFF', '2017-02-28 19:18:39'),
(105, 17727992, 'https://i5.walmartimages.com/asr/29cdc354-9f1f-45d7-9a5d-263594975de7_1.8ec8a906220a588a86fc83c78e15cd6e.jpeg?odnHeight=450&odnWidth=450&odnBg=FFFFFF', '2017-02-28 19:18:39'),
(106, 17727992, 'https://i5.walmartimages.com/asr/daa57034-3d55-42a9-a221-37fa496bfa78_1.f0769a17b37c17cc7411512bd0d65a34.jpeg?odnHeight=450&odnWidth=450&odnBg=FFFFFF', '2017-02-28 19:18:39'),
(107, 17727992, 'https://i5.walmartimages.com/asr/c204ae88-e7b6-4f0a-954d-829a9bd53c97_1.c79dc680a736b3d1deab617130ade1c0.jpeg?odnHeight=450&odnWidth=450&odnBg=FFFFFF', '2017-02-28 19:18:39'),
(108, 17727992, 'https://i5.walmartimages.com/asr/e6c25e96-c13e-45c1-ad30-6feffdb9bd88_1.9d088ab0ebe65ed689fffcd6eb9f1f41.jpeg?odnHeight=450&odnWidth=450&odnBg=FFFFFF', '2017-02-28 19:18:39'),
(109, 17727992, 'https://i5.walmartimages.com/asr/95c87f7c-0220-4d27-9a68-63dba58ad3b9_1.8521c9b4603a7546f6979768a53df721.jpeg?odnHeight=450&odnWidth=450&odnBg=FFFFFF', '2017-02-28 19:18:39'),
(110, 17727992, 'https://i5.walmartimages.com/asr/219c3463-288e-4003-90bc-b8d31a58df66_1.e1ced9053c6a3e6e67211ab7792a9481.jpeg?odnHeight=450&odnWidth=450&odnBg=FFFFFF', '2017-02-28 19:18:39'),
(111, 17727992, 'https://i5.walmartimages.com/asr/24eb4f61-ac12-4e16-bb75-39900766b4c8_1.d3ac81d708940f158d68480b64aee407.jpeg?odnHeight=450&odnWidth=450&odnBg=FFFFFF', '2017-02-28 19:18:39'),
(112, 17727992, 'https://i5.walmartimages.com/asr/1b0e9a76-98c8-44f2-a201-bfdac656804c_1.abc99c709e741832b49dcc4faf0ad0ca.jpeg?odnHeight=450&odnWidth=450&odnBg=FFFFFF', '2017-02-28 19:18:39'),
(113, 17727992, 'https://i5.walmartimages.com/asr/ddafe44c-b625-47bd-b6d1-d6470dc452b6_1.e95f0d1f07062fc452b37546ae43fdc8.jpeg?odnHeight=450&odnWidth=450&odnBg=FFFFFF', '2017-02-28 19:18:39'),
(114, 17727992, 'https://i5.walmartimages.com/asr/ae23d9f3-b1c8-4e89-b131-3c5214914b80_1.41b94bb3cff68b5b428fe87cc3642d50.jpeg?odnHeight=450&odnWidth=450&odnBg=FFFFFF', '2017-02-28 19:18:39'),
(115, 32139128, 'https://i5.walmartimages.com/asr/3ff5c098-55aa-4a3d-aca9-2ef9e788051f_1.e78c0e646696ecfbccdca7121c4cb973.jpeg?odnHeight=450&odnWidth=450&odnBg=FFFFFF', '2017-02-28 19:19:24'),
(116, 32139128, 'https://i5.walmartimages.com/asr/527f91a1-2cc2-4976-9938-509a6db97546_1.60d289bafc4567d9a84ec78d8f873c9d.jpeg?odnHeight=450&odnWidth=450&odnBg=FFFFFF', '2017-02-28 19:19:24'),
(117, 36904784, 'https://i5.walmartimages.com/asr/ecba04a2-0211-4f7d-b223-21577cdee8a1_2.5449a28a28e8f4f6a086a9ad7d83058d.jpeg?odnHeight=450&odnWidth=450&odnBg=FFFFFF', '2017-02-28 19:19:40'),
(118, 36904784, 'https://i5.walmartimages.com/asr/0e52d5d8-8775-4d0b-8474-8f0aa70a7430_1.6294409cda7f9ab76592236df678527a.jpeg?odnHeight=450&odnWidth=450&odnBg=FFFFFF', '2017-02-28 19:19:40'),
(119, 36904784, 'https://i5.walmartimages.com/asr/92dd4995-cd0b-4701-ae59-f5b6576aebc5_1.141b8ca367aca0d4447c00ec3c9ce76f.jpeg?odnHeight=450&odnWidth=450&odnBg=FFFFFF', '2017-02-28 19:19:40'),
(120, 42640050, 'https://i5.walmartimages.com/asr/6a694397-3bc4-459d-b587-5f4bddb4f896_1.5bd0dc70f959f79f03bcd668c75212f0.jpeg?odnHeight=450&odnWidth=450&odnBg=FFFFFF', '2017-02-28 19:20:06'),
(121, 42640050, 'https://i5.walmartimages.com/asr/430d400f-3ba0-4744-971c-f5a812fe51a7_1.c529e1ca4a9a14b70fc3a534c96146c2.jpeg?odnHeight=450&odnWidth=450&odnBg=FFFFFF', '2017-02-28 19:20:06'),
(122, 42640050, 'https://i5.walmartimages.com/asr/1ffa07d6-8016-4dae-aebb-b6ea612969d6_1.55ddd66ed765e79440fe233819689e88.jpeg?odnHeight=450&odnWidth=450&odnBg=FFFFFF', '2017-02-28 19:20:06'),
(123, 42640050, 'https://i5.walmartimages.com/asr/e823be5d-880b-4b4a-aceb-5a03615244a1_1.a274f9d38e2e5832f28792419910cb62.jpeg?odnHeight=450&odnWidth=450&odnBg=FFFFFF', '2017-02-28 19:20:06'),
(124, 42640050, 'https://i5.walmartimages.com/asr/5dcb556c-6321-4821-9a0a-e05f55772f8b_1.6094c51aa3fb42991560e91a55f31412.jpeg?odnHeight=450&odnWidth=450&odnBg=FFFFFF', '2017-02-28 19:20:06'),
(125, 42640050, 'https://i5.walmartimages.com/asr/3710c527-ad63-462d-956d-3bac1fbe16f1_1.9bf1953ae8dc3b89a4c355b727b94efc.jpeg?odnHeight=450&odnWidth=450&odnBg=FFFFFF', '2017-02-28 19:20:06'),
(126, 42640050, 'https://i5.walmartimages.com/asr/abb16144-2539-4b32-a9c5-63bd686e0285_1.c4cff8ef5aae68720eb676ba182d3f25.jpeg?odnHeight=450&odnWidth=450&odnBg=FFFFFF', '2017-02-28 19:20:06'),
(127, 42640050, 'https://i5.walmartimages.com/asr/057cee54-c4a8-450b-a775-661ea7f35078_1.02a9e343110a9854217b9c4856917fb6.jpeg?odnHeight=450&odnWidth=450&odnBg=FFFFFF', '2017-02-28 19:20:06'),
(128, 42640050, 'https://i5.walmartimages.com/asr/f42d1267-e371-4b11-a60c-71344b86c61c_1.b6124c6125e8a0a6af3c5a9c67593787.jpeg?odnHeight=450&odnWidth=450&odnBg=FFFFFF', '2017-02-28 19:20:06'),
(129, 42640050, 'https://i5.walmartimages.com/asr/9337ffe8-cbba-4d7e-95ea-de61baed788b_1.1a1db3e6463691737180b16a173befbe.jpeg?odnHeight=450&odnWidth=450&odnBg=FFFFFF', '2017-02-28 19:20:06'),
(130, 42640050, 'https://i5.walmartimages.com/asr/dff026f3-2777-4747-a491-409a26f42d55_1.9ef3763f2f687d1d1532c890ea7a440f.jpeg?odnHeight=450&odnWidth=450&odnBg=FFFFFF', '2017-02-28 19:20:06'),
(131, 189141076, 'https://i5.walmartimages.com/asr/588a6abe-f314-45f9-9bfe-855f42a6bfce_1.b5db0c365359d1a51792506b40d2d5ff.jpeg?odnHeight=450&odnWidth=450&odnBg=FFFFFF', '2017-02-28 19:20:20'),
(132, 189141076, 'https://i5.walmartimages.com/asr/82c38375-fbda-41e7-899b-0078497f1702_1.ff2854bb5182fa5a17aeee663f2af15a.jpeg?odnHeight=450&odnWidth=450&odnBg=FFFFFF', '2017-02-28 19:20:20'),
(133, 189141076, 'https://i5.walmartimages.com/asr/7a4c36e5-0fb9-4374-89a6-491259953e88_1.0c98a145b9161d005374ff17dd60e5b8.jpeg?odnHeight=450&odnWidth=450&odnBg=FFFFFF', '2017-02-28 19:20:20'),
(134, 189141076, 'https://i5.walmartimages.com/asr/e48d8475-a505-4ad7-977b-faf4dbd8db2f_1.3b4989922ce8a24193d0fa1b8c58c77a.jpeg?odnHeight=450&odnWidth=450&odnBg=FFFFFF', '2017-02-28 19:20:20'),
(135, 189141076, 'https://i5.walmartimages.com/asr/a48b4a11-f3fb-42e8-960e-6e9d1c78cd4d_1.c71e8ad376b50c0aae8b2be246e0b31f.jpeg?odnHeight=450&odnWidth=450&odnBg=FFFFFF', '2017-02-28 19:20:20'),
(136, 189141076, 'https://i5.walmartimages.com/asr/1a84610a-4ef8-4edd-8d0d-b18ad3cb2fe4_1.493dbe91b8605bd33a98a3a2b3923911.jpeg?odnHeight=450&odnWidth=450&odnBg=FFFFFF', '2017-02-28 19:20:20'),
(137, 47513553, 'https://i5.walmartimages.com/asr/0189ec33-ccee-4c4d-880e-31ebc542f494_1.c9cfb251b7325a4768f258552dcbc6e4.jpeg?odnHeight=450&odnWidth=450&odnBg=FFFFFF', '2017-02-28 19:20:20'),
(138, 165334445, 'https://i5.walmartimages.com/asr/33544423-0842-44b2-8aaf-031c63892a7c_1.8e95391397f1d5c2e8d105c200daac71.jpeg?odnHeight=450&odnWidth=450&odnBg=FFFFFF', '2017-02-28 19:20:35'),
(139, 165334445, 'https://i5.walmartimages.com/asr/f26ad387-8424-4aec-bada-bc1495d7e42b_1.ced537a57a4111bc00dd1c8f0916910e.jpeg?odnHeight=450&odnWidth=450&odnBg=FFFFFF', '2017-02-28 19:20:35'),
(140, 165334445, 'https://i5.walmartimages.com/asr/046a70a4-9604-4d77-b565-523bf18630b1_1.f2122885dbdd51f6461eeccdf25e43b4.jpeg?odnHeight=450&odnWidth=450&odnBg=FFFFFF', '2017-02-28 19:20:35'),
(141, 165334445, 'https://i5.walmartimages.com/asr/6372661d-74fc-4654-b269-7420208f48bc_1.b811feac653f64dd97a061a2cf0e780d.jpeg?odnHeight=450&odnWidth=450&odnBg=FFFFFF', '2017-02-28 19:20:35'),
(142, 165334445, 'https://i5.walmartimages.com/asr/ff889fd5-a30a-48f8-8dfc-2187649fe198_1.23be5633b5f5a13a75221ef591b54060.jpeg?odnHeight=450&odnWidth=450&odnBg=FFFFFF', '2017-02-28 19:20:35'),
(143, 165334445, 'https://i5.walmartimages.com/asr/2d985e31-f8c0-45ae-ad64-96ffc4f5de18_1.5ef9bf824a4ded75ea216430ad4b9e87.jpeg?odnHeight=450&odnWidth=450&odnBg=FFFFFF', '2017-02-28 19:20:35'),
(144, 165334445, 'https://i5.walmartimages.com/asr/4961c127-f90d-4b7f-ba0f-db7b7398926e_1.b82473fa1cd93a0fb4bab9c5be3fd62a.jpeg?odnHeight=450&odnWidth=450&odnBg=FFFFFF', '2017-02-28 19:20:35'),
(145, 165334445, 'https://i5.walmartimages.com/asr/c68712c5-0156-4a0c-8b34-bdbc7de11468_1.fe62df551808c17b3f9638c84cfc3f8f.jpeg?odnHeight=450&odnWidth=450&odnBg=FFFFFF', '2017-02-28 19:20:35'),
(146, 165334445, 'https://i5.walmartimages.com/asr/f03a6b23-3a74-418b-804c-12f5c188f1fc_1.b8fd07ff649da00d93401bbf7f74d767.jpeg?odnHeight=450&odnWidth=450&odnBg=FFFFFF', '2017-02-28 19:20:35'),
(147, 165334445, 'https://i5.walmartimages.com/asr/b9db75ae-e581-42f0-b86d-e92a4b59ce26_1.e67df00c7386a5797a97a24b9979edac.jpeg?odnHeight=450&odnWidth=450&odnBg=FFFFFF', '2017-02-28 19:20:35'),
(148, 165334445, 'https://i5.walmartimages.com/asr/b0ce60c3-0f1f-4a45-8864-8539243b7855_1.b003f46bf586baffbdb1205d64509cc3.jpeg?odnHeight=450&odnWidth=450&odnBg=FFFFFF', '2017-02-28 19:20:35'),
(149, 165334445, 'https://i5.walmartimages.com/asr/fb9ed442-27cd-4175-8490-b8e7367e6083_1.ac4c068c7806dcfd90d03d7a9f269f83.jpeg?odnHeight=450&odnWidth=450&odnBg=FFFFFF', '2017-02-28 19:20:35'),
(150, 165334445, 'https://i5.walmartimages.com/asr/3ee603b2-78e0-4fe5-abda-7e4c3c642463_1.209674e21ddb3e3dc2e8a0290bdb1530.jpeg?odnHeight=450&odnWidth=450&odnBg=FFFFFF', '2017-02-28 19:20:35'),
(151, 165334445, 'https://i5.walmartimages.com/asr/041fe84f-5fe4-4511-9899-4791433ffdcf_1.55cd5942e7a4b23c76f84c93ee08d24d.jpeg?odnHeight=450&odnWidth=450&odnBg=FFFFFF', '2017-02-28 19:20:35'),
(152, 165334445, 'https://i5.walmartimages.com/asr/6efc1c31-640c-45d7-8f97-934661c2f76b_1.e2643f813010c827bf14601571742369.jpeg?odnHeight=450&odnWidth=450&odnBg=FFFFFF', '2017-02-28 19:20:35'),
(153, 165334445, 'https://i5.walmartimages.com/asr/dd82e150-6698-4d0b-841d-829db29d6c5d_1.7847f93a8ef7d2ca12fc31d5345026f6.jpeg?odnHeight=450&odnWidth=450&odnBg=FFFFFF', '2017-02-28 19:20:35'),
(154, 165334445, 'https://i5.walmartimages.com/asr/8d3b46c4-838e-498b-b420-9630e07ca0d1_1.4616f480ded96695b2c3d63a67e242bd.jpeg?odnHeight=450&odnWidth=450&odnBg=FFFFFF', '2017-02-28 19:20:35'),
(155, 165334445, 'https://i5.walmartimages.com/asr/23dba1ce-db23-4bc1-a5fa-22021a838f3a_1.6de709e6d3f8db35cc4cc04683aa6a78.jpeg?odnHeight=450&odnWidth=450&odnBg=FFFFFF', '2017-02-28 19:20:35'),
(156, 165334445, 'https://i5.walmartimages.com/asr/e0884cf7-4166-42e3-a6a8-064ff8f754ff_1.77f04bdfe1f8ccae3ffb225ca4c5d836.jpeg?odnHeight=450&odnWidth=450&odnBg=FFFFFF', '2017-02-28 19:20:35'),
(157, 165334445, 'https://i5.walmartimages.com/asr/fe5deb5c-b980-4791-aa69-b9274f7d37ad_1.bd0b35cc83bc8af97988cb6ebb11a789.jpeg?odnHeight=450&odnWidth=450&odnBg=FFFFFF', '2017-02-28 19:20:35'),
(158, 165334445, 'https://i5.walmartimages.com/asr/09de89ae-890b-4d9f-ac7d-eec31bfbce59_1.98e1211e7765ef701036fba40478d89c.jpeg?odnHeight=450&odnWidth=450&odnBg=FFFFFF', '2017-02-28 19:20:35'),
(159, 165334445, 'https://i5.walmartimages.com/asr/8e7ecc45-5c2e-44db-bd81-fd40d96f8fef_1.40a332586f4af022c1d0bf710ff28789.jpeg?odnHeight=450&odnWidth=450&odnBg=FFFFFF', '2017-02-28 19:20:35'),
(160, 165334445, 'https://i5.walmartimages.com/asr/72043997-0e55-41ee-8026-a8bd2588a7ab_1.e8f3ef74b394e8dae954cfd81bb729c2.jpeg?odnHeight=450&odnWidth=450&odnBg=FFFFFF', '2017-02-28 19:20:35'),
(161, 165334445, 'https://i5.walmartimages.com/asr/e035f589-1c0e-4efb-a114-41701b960525_1.ee1bf964a61f2443b8d4f320c7d66619.jpeg?odnHeight=450&odnWidth=450&odnBg=FFFFFF', '2017-02-28 19:20:35'),
(162, 165334445, 'https://i5.walmartimages.com/asr/d8a93585-ae68-458a-a0f5-aed8c011f560_1.321d2de4d1fed4cb76090caadd1e40cd.jpeg?odnHeight=450&odnWidth=450&odnBg=FFFFFF', '2017-02-28 19:20:35'),
(163, 165334445, 'https://i5.walmartimages.com/asr/ec20b287-a3cb-4079-a4fa-cc6cdf2f18fa_1.1ebbb020d439dd30acb46b9bd24d8c89.jpeg?odnHeight=450&odnWidth=450&odnBg=FFFFFF', '2017-02-28 19:20:35'),
(164, 165334445, 'https://i5.walmartimages.com/asr/b030c1a8-735d-427d-9a13-fd6b43b3843a_1.97365d44a6062d9756ce22cf27447658.jpeg?odnHeight=450&odnWidth=450&odnBg=FFFFFF', '2017-02-28 19:20:35'),
(165, 10249332, 'https://i5.walmartimages.com/asr/46f91ba5-0963-4c66-b496-dc756569f0c6_1.f88fd1bb042949b00c4437489b40ce1b.jpeg?odnHeight=450&odnWidth=450&odnBg=FFFFFF', '2017-02-28 19:21:09'),
(166, 50636809, 'https://i5.walmartimages.com/asr/246127fb-8996-4257-9677-714bcd54b5a0_1.776f2db582f2d13d9356a48903609ef3.jpeg?odnHeight=450&odnWidth=450&odnBg=FFFFFF', '2017-02-28 19:21:24'),
(167, 45622108, 'https://i5.walmartimages.com/asr/0f4688ca-26e1-498a-aeaf-b9848e5bccfd_1.038baf9563ae83aa15407922dc73b881.jpeg?odnHeight=450&odnWidth=450&odnBg=FFFFFF', '2017-02-28 19:21:45'),
(168, 20923721, 'https://i5.walmartimages.com/asr/9e91a885-dd15-4548-bbe2-8dbd663c233f_2.fd1dab5e2f9c8e5cb71c4efba931ce73.png?odnHeight=450&odnWidth=450&odnBg=FFFFFF', '2017-02-28 19:22:43'),
(169, 20923721, 'https://i5.walmartimages.com/asr/050ada6c-df12-433b-9a7d-1474702782fd_2.c0bf1673b13b87097adb149d8fe3f5de.png?odnHeight=450&odnWidth=450&odnBg=FFFFFF', '2017-02-28 19:22:43'),
(170, 20923721, 'https://i5.walmartimages.com/asr/e30cdd81-1cce-4f78-895b-a19036b4b2b1_1.1dbeecb05a2d4d0740b5250aff9dbe25.jpeg?odnHeight=450&odnWidth=450&odnBg=FFFFFF', '2017-02-28 19:22:43'),
(171, 20923721, 'https://i5.walmartimages.com/asr/32f19cd2-49d9-4516-9ab5-d45c73dc8f42_1.ab3ebe5ebab5c9c56dbcdb17746e76b1.jpeg?odnHeight=450&odnWidth=450&odnBg=FFFFFF', '2017-02-28 19:22:43'),
(172, 20923721, 'https://i5.walmartimages.com/asr/e2c2f302-0f11-47f2-92e3-337929198ca9_2.15352b8d410c6a6de5cbcc93c9532df8.png?odnHeight=450&odnWidth=450&odnBg=FFFFFF', '2017-02-28 19:22:43'),
(173, 20923721, 'https://i5.walmartimages.com/asr/2c6b6246-bdb2-4d04-9e4e-685d7359891e_1.dbb7e7aa6bcc8c5db69c27e62098f6fe.png?odnHeight=450&odnWidth=450&odnBg=FFFFFF', '2017-02-28 19:22:43'),
(174, 20923721, 'https://i5.walmartimages.com/asr/8c319052-1a20-43bb-aa1f-6815b885c463_1.7bd6d8a283fcc1935135a36b77cd8ad5.png?odnHeight=450&odnWidth=450&odnBg=FFFFFF', '2017-02-28 19:22:43'),
(175, 20923721, 'https://i5.walmartimages.com/asr/76b15238-72af-4351-beb7-b49e7d88aeb7_2.0e52122ed88bd176934ff7ff310dbd7b.jpeg?odnHeight=450&odnWidth=450&odnBg=FFFFFF', '2017-02-28 19:22:43'),
(176, 20923721, 'https://i5.walmartimages.com/asr/32ff8007-4fa6-453e-8f14-b4f9ddd3a8f7_2.e0b9e85952d59a9c7ede2de2b3ce9529.png?odnHeight=450&odnWidth=450&odnBg=FFFFFF', '2017-02-28 19:22:43'),
(177, 21002567, 'https://i5.walmartimages.com/asr/feacce1e-25b7-4d59-b80c-ccc9032b971a_1.cc8fe633abedab7d1905260b1624518e.jpeg?odnHeight=450&odnWidth=450&odnBg=FFFFFF', '2017-02-28 19:22:45'),
(178, 21002567, 'https://i5.walmartimages.com/asr/5c2ea641-5ec1-44fd-9402-ca7f5010ed64_1.118949c9f8fb622ea7bc2c7d1ca2da26.jpeg?odnHeight=450&odnWidth=450&odnBg=FFFFFF', '2017-02-28 19:22:45'),
(179, 21002567, 'https://i5.walmartimages.com/asr/545cdfdf-33f5-432f-bb66-f07fe96bdea8_1.c8d9184b46977ac0d99e4ce9575bdf8e.jpeg?odnHeight=450&odnWidth=450&odnBg=FFFFFF', '2017-02-28 19:22:45'),
(180, 21002567, 'https://i5.walmartimages.com/asr/25a67e12-c724-4978-9481-18b45c1789a3_1.cab42953a77b494bcbd0b3db0b615513.jpeg?odnHeight=450&odnWidth=450&odnBg=FFFFFF', '2017-02-28 19:22:45'),
(181, 21002567, 'https://i5.walmartimages.com/asr/89482442-03bb-4e3d-bc30-2bae35fc2d5a_1.c50265bccc5db08e9978c44861f123c3.jpeg?odnHeight=450&odnWidth=450&odnBg=FFFFFF', '2017-02-28 19:22:45'),
(182, 21002567, 'https://i5.walmartimages.com/asr/bba85491-444f-4834-a1ea-34aad5791651_1.6e2680e5952ba262bf8b9271642a1033.jpeg?odnHeight=450&odnWidth=450&odnBg=FFFFFF', '2017-02-28 19:22:45'),
(183, 21002567, 'https://i5.walmartimages.com/asr/4a67c1cf-b152-47de-aadc-be484079da41_1.5d0c1f518877cfef7df0c3289fc8f856.jpeg?odnHeight=450&odnWidth=450&odnBg=FFFFFF', '2017-02-28 19:22:45'),
(184, 21002567, 'https://i5.walmartimages.com/asr/c3c2c165-f617-452e-93c4-f14663a7823a_1.51c04f3307e73e36b49b26f8d7d5c683.jpeg?odnHeight=450&odnWidth=450&odnBg=FFFFFF', '2017-02-28 19:22:45'),
(185, 21002567, 'https://i5.walmartimages.com/asr/381957e2-41aa-43ac-ba3c-604d7c327817_1.382189bc39c7b573a62085cb809612f7.jpeg?odnHeight=450&odnWidth=450&odnBg=FFFFFF', '2017-02-28 19:22:45'),
(186, 21002567, 'https://i5.walmartimages.com/asr/b51ec0e9-bb28-4360-9aa5-3491e8e07060_1.6987313b22fdecc7088fa60bdecf96ee.jpeg?odnHeight=450&odnWidth=450&odnBg=FFFFFF', '2017-02-28 19:22:45'),
(187, 21002567, 'https://i5.walmartimages.com/asr/8e35814e-7234-41e0-a06a-0e8cdbae6ba4_1.a534c46a37bb9ebc60a3d92142c134e2.jpeg?odnHeight=450&odnWidth=450&odnBg=FFFFFF', '2017-02-28 19:22:45'),
(188, 21002567, 'https://i5.walmartimages.com/asr/30ee9721-b2e8-4f86-a304-baa8c9378631_1.e44dfa26c867d7ab176b44f939bd8005.jpeg?odnHeight=450&odnWidth=450&odnBg=FFFFFF', '2017-02-28 19:22:45'),
(189, 21002567, 'https://i5.walmartimages.com/asr/eeb5bbdc-adf7-4915-ab4b-858a771ff72d_1.4118f79c0cd324f83c773a91bc36006b.jpeg?odnHeight=450&odnWidth=450&odnBg=FFFFFF', '2017-02-28 19:22:45'),
(190, 21002567, 'https://i5.walmartimages.com/asr/06d1b08b-14a2-4f7d-a318-e1fff8e2a4f7_1.7d34857010fa774302d57bd317512ea7.jpeg?odnHeight=450&odnWidth=450&odnBg=FFFFFF', '2017-02-28 19:22:45'),
(191, 21002567, 'https://i5.walmartimages.com/asr/a1a7be09-b36f-4fed-8792-b443db24b017_1.dd65d5e90b19fd7fee8316e5df2f8953.jpeg?odnHeight=450&odnWidth=450&odnBg=FFFFFF', '2017-02-28 19:22:45'),
(192, 21002567, 'https://i5.walmartimages.com/asr/bdfcc94d-f724-46f2-ab06-f433889cecf6_1.75dc0bd2ad03f007d57927d426ee7ad0.jpeg?odnHeight=450&odnWidth=450&odnBg=FFFFFF', '2017-02-28 19:22:45'),
(193, 21002567, 'https://i5.walmartimages.com/asr/19a06689-83dc-4ddc-b0f8-4cb141fb30cd_1.bcf6607517315153f151136ffb71bc16.jpeg?odnHeight=450&odnWidth=450&odnBg=FFFFFF', '2017-02-28 19:22:45'),
(194, 21002567, 'https://i5.walmartimages.com/asr/56f3c6b7-c783-4f6f-9a5f-bce7961b8a6c_1.d23ef13fd00b853909d58fc9911431f6.jpeg?odnHeight=450&odnWidth=450&odnBg=FFFFFF', '2017-02-28 19:22:45'),
(195, 21002567, 'https://i5.walmartimages.com/asr/3cc8af85-9619-4cca-8fbe-9f0b11378c16_1.5c01b68520682a266e7f470aa008750b.jpeg?odnHeight=450&odnWidth=450&odnBg=FFFFFF', '2017-02-28 19:22:45'),
(196, 21002567, 'https://i5.walmartimages.com/asr/fb4776dc-8d87-4cc1-a654-a4b5fa87f30e_1.3a23d5f4677cbcd8415e97f4ef2da5ae.jpeg?odnHeight=450&odnWidth=450&odnBg=FFFFFF', '2017-02-28 19:22:45'),
(197, 21002567, 'https://i5.walmartimages.com/asr/3088aa1d-6ded-4599-b167-ed548cc93d32_1.207a30c79073518737c830bfbb8d3a4e.jpeg?odnHeight=450&odnWidth=450&odnBg=FFFFFF', '2017-02-28 19:22:45'),
(198, 21002567, 'https://i5.walmartimages.com/asr/10d86469-6c13-4c37-b0d4-5a7ac0def5c9_1.6c44752919e5ae4ca4711d45c738eb06.jpeg?odnHeight=450&odnWidth=450&odnBg=FFFFFF', '2017-02-28 19:22:45'),
(199, 21002567, 'https://i5.walmartimages.com/asr/325e1ce7-e4b0-427e-aa80-2527b64c1b30_1.be2b9cacc71567212372f4693a149ac6.jpeg?odnHeight=450&odnWidth=450&odnBg=FFFFFF', '2017-02-28 19:22:45'),
(200, 21002567, 'https://i5.walmartimages.com/asr/6bcda936-0a9e-47e6-adc7-473b6bb9ac04_1.13906cbf13a8ccbd8c95813c07aff250.jpeg?odnHeight=450&odnWidth=450&odnBg=FFFFFF', '2017-02-28 19:22:45'),
(201, 21002567, 'https://i5.walmartimages.com/asr/f6b32984-aa9d-49fb-ab6f-2e4a5011f24f_1.c608f17495a0cea51ea6e94337273475.jpeg?odnHeight=450&odnWidth=450&odnBg=FFFFFF', '2017-02-28 19:22:45'),
(202, 21002567, 'https://i5.walmartimages.com/asr/784a854c-f5ad-47c8-9beb-6948bb7da9f7_1.1e79434e064a0e8ce67359dad1409d23.jpeg?odnHeight=450&odnWidth=450&odnBg=FFFFFF', '2017-02-28 19:22:45'),
(203, 21002567, 'https://i5.walmartimages.com/asr/21e20e78-3c1f-4c97-8d5f-f4c1961c24c2_1.d221bd8601a806aa1b600f428e9942a0.jpeg?odnHeight=450&odnWidth=450&odnBg=FFFFFF', '2017-02-28 19:22:45'),
(204, 21002567, 'https://i5.walmartimages.com/asr/33e7962f-f78b-42f2-afa7-68767e444b7b_1.cf3ae4aaa39885138adb56e8600a97c5.jpeg?odnHeight=450&odnWidth=450&odnBg=FFFFFF', '2017-02-28 19:22:45'),
(205, 21002567, 'https://i5.walmartimages.com/asr/27419ebd-8764-4f45-a664-0e1c8b5d2ac8_1.776b9a49d2051e3886813865e76bbaa6.jpeg?odnHeight=450&odnWidth=450&odnBg=FFFFFF', '2017-02-28 19:22:45'),
(206, 21002567, 'https://i5.walmartimages.com/asr/dfe4e51f-e73d-49ed-a310-ba148cbdcc12_1.022902ca84ebb366a9f95290c2702fde.jpeg?odnHeight=450&odnWidth=450&odnBg=FFFFFF', '2017-02-28 19:22:45'),
(207, 21002567, 'https://i5.walmartimages.com/asr/ba0a7f9a-3d0e-41e8-863b-4055ba896949_1.bd4203dea61310ce7ded2d8c56d57eb7.jpeg?odnHeight=450&odnWidth=450&odnBg=FFFFFF', '2017-02-28 19:22:45'),
(208, 21002567, 'https://i5.walmartimages.com/asr/d6de054d-c785-4684-9552-ff966c414277_1.6a42e5e51d126fef3bbe17fc80a4fa31.jpeg?odnHeight=450&odnWidth=450&odnBg=FFFFFF', '2017-02-28 19:22:45'),
(209, 21002567, 'https://i5.walmartimages.com/asr/96df1a2e-75a1-4e6d-bb71-28a44ff1150d_1.37774c99b0e20f779638afc5e83f0d16.jpeg?odnHeight=450&odnWidth=450&odnBg=FFFFFF', '2017-02-28 19:22:45'),
(210, 21002567, 'https://i5.walmartimages.com/asr/6c62be11-6fb8-40fa-ac82-88bceae83099_1.7100446cb2a50ad85ac5f829fe56ccfa.jpeg?odnHeight=450&odnWidth=450&odnBg=FFFFFF', '2017-02-28 19:22:45'),
(211, 21002567, 'https://i5.walmartimages.com/asr/04ce38fc-24c8-4f82-beab-f48805089a35_1.786490e7b6df6c1ec833c5faef80705e.jpeg?odnHeight=450&odnWidth=450&odnBg=FFFFFF', '2017-02-28 19:22:45'),
(212, 21002567, 'https://i5.walmartimages.com/asr/7fabc1e8-124e-4c2a-be0c-4728bca67ad3_1.7f85863fdf2b74a40cef9d4c1323c78d.jpeg?odnHeight=450&odnWidth=450&odnBg=FFFFFF', '2017-02-28 19:22:45'),
(213, 21002567, 'https://i5.walmartimages.com/asr/f33fbaef-13ed-48bf-b560-5211a849b1df_1.8049790d9e2f799bf207fa528dd29ab4.jpeg?odnHeight=450&odnWidth=450&odnBg=FFFFFF', '2017-02-28 19:22:45'),
(214, 21002567, 'https://i5.walmartimages.com/asr/3fdfc4c5-04e3-4330-989f-8056c7b8ea03_1.c785f39ee0195296a3d3af41f8222880.jpeg?odnHeight=450&odnWidth=450&odnBg=FFFFFF', '2017-02-28 19:22:45'),
(215, 21002567, 'https://i5.walmartimages.com/asr/28920401-84f3-484f-b62c-60693dd5648f_1.56175a7acdc4562e9f11a57b73bf8173.jpeg?odnHeight=450&odnWidth=450&odnBg=FFFFFF', '2017-02-28 19:22:45'),
(216, 21002567, 'https://i5.walmartimages.com/asr/a7bf50a8-4ec3-42d4-9581-5ea1e6378f6d_1.b5762c9adccd96c25f1d999642eae972.jpeg?odnHeight=450&odnWidth=450&odnBg=FFFFFF', '2017-02-28 19:22:45'),
(217, 21002567, 'https://i5.walmartimages.com/asr/55d07978-dcbf-4260-b74a-c3a736315756_1.e325b48b029e400b663a36e4f53febb2.jpeg?odnHeight=450&odnWidth=450&odnBg=FFFFFF', '2017-02-28 19:22:45'),
(218, 21002567, 'https://i5.walmartimages.com/asr/be14c893-1b1a-4c20-9019-1a7817adf827_1.35dcbc55886a072f61731dfd67139b4b.jpeg?odnHeight=450&odnWidth=450&odnBg=FFFFFF', '2017-02-28 19:22:45'),
(219, 21002567, 'https://i5.walmartimages.com/asr/f39f84b2-309e-4245-9688-62ade49e87f6_1.072946815946d0aeef42c0f942537bb9.jpeg?odnHeight=450&odnWidth=450&odnBg=FFFFFF', '2017-02-28 19:22:45'),
(220, 21002567, 'https://i5.walmartimages.com/asr/e4c30b34-0903-45d8-b504-afe268871d79_1.33a57bb77b964fa56a67cc7046a57ae1.jpeg?odnHeight=450&odnWidth=450&odnBg=FFFFFF', '2017-02-28 19:22:45'),
(221, 21002567, 'https://i5.walmartimages.com/asr/5df3fe95-d120-49e8-8d7d-c11f154f41cf_1.a3685f3e096ba963a8a8f2a55becd2b9.jpeg?odnHeight=450&odnWidth=450&odnBg=FFFFFF', '2017-02-28 19:22:45'),
(222, 21002567, 'https://i5.walmartimages.com/asr/52b6c88d-fc79-494c-9d74-9618025355b1_1.5c0fe6e47586a388d0f47646d509250f.jpeg?odnHeight=450&odnWidth=450&odnBg=FFFFFF', '2017-02-28 19:22:45'),
(223, 21002567, 'https://i5.walmartimages.com/asr/76d9be7a-4d44-43e1-8436-68fd1b79b54e_1.e22622fbfea81542f0677011a4316edd.jpeg?odnHeight=450&odnWidth=450&odnBg=FFFFFF', '2017-02-28 19:22:45'),
(224, 53987570, 'https://i5.walmartimages.com/asr/5f3048f5-31d0-4590-9664-fb4d05b80a8b_1.0f3f37cc8e85f66b5a737fb3e9f1ef16.jpeg?odnHeight=450&odnWidth=450&odnBg=FFFFFF', '2017-02-28 19:23:06'),
(225, 53987570, 'https://i5.walmartimages.com/asr/ce094039-6802-4659-98da-eb954b103b98_1.230b4c807ce5057196efc1695e14fd30.jpeg?odnHeight=450&odnWidth=450&odnBg=FFFFFF', '2017-02-28 19:23:06'),
(226, 2508504, 'https://i5.walmartimages.com/asr/b7f99f26-b87f-430b-9b13-ba15f221bacc_1.ca5f88e86cecc8e306731586ad6c4322.jpeg?odnHeight=450&odnWidth=450&odnBg=FFFFFF', '2017-02-28 19:23:22'),
(227, 54065298, 'https://i5.walmartimages.com/asr/6cfcbd51-8208-4ba1-bab6-e3ecd87bdd7c_1.fb9762c7e47c5fde16a1388c747abf46.jpeg?odnHeight=450&odnWidth=450&odnBg=FFFFFF', '2017-02-28 19:23:27'),
(228, 26853757, 'https://i5.walmartimages.com/asr/046cd6fe-f290-41fa-b61c-6ae73418e85b_1.b97bb7d48676259282a69e2e8786d61c.jpeg?odnHeight=450&odnWidth=450&odnBg=FFFFFF', '2017-02-28 19:23:29'),
(229, 854760, 'https://i5.walmartimages.com/asr/4b150ce7-0f8e-4d3b-b056-6818f615b1a9_1.ab7da49a84e230bd6bfc284b2ba0abf6.jpeg?odnHeight=450&odnWidth=450&odnBg=FFFFFF', '2017-02-28 19:23:30'),
(230, 20699291, 'https://i5.walmartimages.com/asr/e7d1c685-5015-484a-b127-564098d95d9b_1.4d2d2776a34b38be2ac3ac4c8d4c9a70.jpeg?odnHeight=450&odnWidth=450&odnBg=FFFFFF', '2017-02-28 19:23:35'),
(231, 1026235, 'https://i5.walmartimages.com/asr/c69c93ec-5765-4f2c-ae28-5a2076f27f00_1.ba0b9cafe4775fa5b0fa47bf11ed972e.jpeg?odnHeight=450&odnWidth=450&odnBg=FFFFFF', '2017-02-28 19:23:36'),
(232, 55300518, 'https://i5.walmartimages.com/asr/dab6f8d8-4c3c-4db3-81ba-a34d44b10dd4_1.f4a030e930b6c0023fc144cb234aecb1.jpeg?odnHeight=450&odnWidth=450&odnBg=FFFFFF', '2017-02-28 19:23:55'),
(233, 55348205, 'https://i5.walmartimages.com/asr/d24dca15-28ac-4b73-8457-051660a48956_1.405c3206108d2e55d130a0d7b4cb8c61.jpeg?odnHeight=450&odnWidth=450&odnBg=FFFFFF', '2017-02-28 19:23:58'),
(234, 47150473, 'https://i5.walmartimages.com/asr/ae4c2b41-a940-4598-9bd9-d574131f137e_1.8018a47f782403ec9f2b57eeb40e74e7.jpeg?odnHeight=450&odnWidth=450&odnBg=FFFFFF', '2017-02-28 19:24:03'),
(235, 47150473, 'https://i5.walmartimages.com/asr/bfc2b641-7a1f-4681-886f-db41af15c3d5_1.57d075859102447b7f9994c659967d41.jpeg?odnHeight=450&odnWidth=450&odnBg=FFFFFF', '2017-02-28 19:24:03'),
(236, 54372104, 'https://i5.walmartimages.com/asr/351fed6f-6ad1-46fa-a8c6-523976f88da7_1.8f4c52ae0454387fc37e98bff7c73078.jpeg?odnHeight=450&odnWidth=450&odnBg=FFFFFF', '2017-02-28 19:24:10'),
(237, 54372104, 'https://i5.walmartimages.com/asr/a6643995-53c8-4323-8a8e-54e1a0d6acd7_1.7ee10524ffccf216df5afdedf3e0f3c4.jpeg?odnHeight=450&odnWidth=450&odnBg=FFFFFF', '2017-02-28 19:24:10'),
(238, 54372104, 'https://i5.walmartimages.com/asr/1084960c-93a2-4c0c-acf7-7a62383d1ad8_1.29f08a13b60f97a2bf6879e8cabe5f1b.jpeg?odnHeight=450&odnWidth=450&odnBg=FFFFFF', '2017-02-28 19:24:10'),
(239, 38591215, 'https://i5.walmartimages.com/asr/8a483c91-0a48-430b-9937-c31cf8cea1ef_1.64f928fc86bed00a4771ac3b3c928694.jpeg?odnHeight=450&odnWidth=450&odnBg=FFFFFF', '2017-02-28 19:24:34'),
(240, 38591215, 'https://i5.walmartimages.com/asr/2d8e635e-5d35-41cb-a7ac-5df2358afa2b_1.b693fe94794c0cffd1173f6092708f9c.jpeg?odnHeight=450&odnWidth=450&odnBg=FFFFFF', '2017-02-28 19:24:34'),
(241, 38591215, 'https://i5.walmartimages.com/asr/8005de75-a681-4ffb-b1ef-7e6680dec523_1.be50bb00a9277f49dc7079ef5eee718c.jpeg?odnHeight=450&odnWidth=450&odnBg=FFFFFF', '2017-02-28 19:24:34'),
(242, 38591215, 'https://i5.walmartimages.com/asr/7c92f537-4f5b-4dd3-b182-9815967adf91_1.82b1ecdb0bbe9511c9d3ff23b772bd4b.jpeg?odnHeight=450&odnWidth=450&odnBg=FFFFFF', '2017-02-28 19:24:34'),
(243, 38591215, 'https://i5.walmartimages.com/asr/1bf6558c-5497-4347-b746-e2cf127f2abf_1.d8533a509c63115f40b5266bf427e333.jpeg?odnHeight=450&odnWidth=450&odnBg=FFFFFF', '2017-02-28 19:24:34'),
(244, 14940568, 'https://i5.walmartimages.com/asr/1f60ba79-3a29-480a-b915-a353ef31021a_1.77de1bcb71f2e7d2405e83acb2a9accf.jpeg?odnHeight=450&odnWidth=450&odnBg=FFFFFF', '2017-02-28 19:24:55'),
(245, 14940568, 'https://i5.walmartimages.com/asr/9409c3ac-c329-4e51-89eb-b50908f4f91d_1.ef48fa8ada56f38784fd27684b243f77.jpeg?odnHeight=450&odnWidth=450&odnBg=FFFFFF', '2017-02-28 19:24:55'),
(246, 14947940, 'https://i5.walmartimages.com/asr/1ee253c7-c858-4af0-84b0-9bcb357b26e7_1.c5d57ca9edc9759584947a2f51f53f48.jpeg?odnHeight=450&odnWidth=450&odnBg=FFFFFF', '2017-02-28 19:26:16'),
(247, 44990832, 'https://i5.walmartimages.com/asr/abfcfb74-1407-4b35-8d35-7b1d89172360_1.8605975200596a71cedc50787ff53c25.jpeg?odnHeight=450&odnWidth=450&odnBg=FFFFFF', '2017-02-28 19:26:20'),
(248, 35777372, 'https://i5.walmartimages.com/asr/f31ad014-5255-4063-91b3-2856d60a45c2_1.4fc45a1b014c06d30a4722eec19fa554.jpeg?odnHeight=450&odnWidth=450&odnBg=FFFFFF', '2017-02-28 19:26:22'),
(249, 35777372, 'https://i5.walmartimages.com/asr/724e41ba-6baf-47fa-93e2-4b3d99ecb473_1.0668e4dad34c72f759059719ef990ee8.jpeg?odnHeight=450&odnWidth=450&odnBg=FFFFFF', '2017-02-28 19:26:22'),
(250, 35777372, 'https://i5.walmartimages.com/asr/785d88fe-1317-4cbe-a085-622c72539101_1.d6b1a65cc7e41577cf382ef037a12fb1.jpeg?odnHeight=450&odnWidth=450&odnBg=FFFFFF', '2017-02-28 19:26:22'),
(251, 35777372, 'https://i5.walmartimages.com/asr/8f41f530-1d2e-452b-a8fc-fbb066973d54_1.3716640a270d8ebe174e0dfffc0e491f.jpeg?odnHeight=450&odnWidth=450&odnBg=FFFFFF', '2017-02-28 19:26:22'),
(252, 35777372, 'https://i5.walmartimages.com/asr/0a000d2a-ea92-4211-ada6-a999a9db5787_1.346c1cd09a63103101c8a61d463b52b6.jpeg?odnHeight=450&odnWidth=450&odnBg=FFFFFF', '2017-02-28 19:26:22'),
(253, 35777372, 'https://i5.walmartimages.com/asr/1467f9bf-732e-4c09-a76e-6de311df05ed_1.eca7f49c3331598740dd3260106a4b5a.jpeg?odnHeight=450&odnWidth=450&odnBg=FFFFFF', '2017-02-28 19:26:22'),
(254, 35777372, 'https://i5.walmartimages.com/asr/e9f0f917-65f6-4086-9a84-a07035d590d1_1.489e78e3f1b6b08ded14acd82773f87c.jpeg?odnHeight=450&odnWidth=450&odnBg=FFFFFF', '2017-02-28 19:26:22'),
(255, 35777372, 'https://i5.walmartimages.com/asr/6c1c5fda-cec0-43a0-a03d-7eaf21fe7fb4_1.db57a686c23f4837873eead7a06fd5fb.jpeg?odnHeight=450&odnWidth=450&odnBg=FFFFFF', '2017-02-28 19:26:22'),
(256, 35777372, 'https://i5.walmartimages.com/asr/c32c6b16-3a5b-44be-9966-34172dbd82d1_1.1220ca954d299c6c0010ff642f49ec9b.jpeg?odnHeight=450&odnWidth=450&odnBg=FFFFFF', '2017-02-28 19:26:22'),
(257, 35777372, 'https://i5.walmartimages.com/asr/641f9b4a-64a1-4bb5-b385-2529668f0465_1.1062b9529d165aba961c4f290c25172b.jpeg?odnHeight=450&odnWidth=450&odnBg=FFFFFF', '2017-02-28 19:26:22'),
(258, 35777372, 'https://i5.walmartimages.com/asr/f8e0086b-ddaf-4bb2-a40e-19aba0927c7a_1.ecb28181b423e045573fd328de0d6edf.jpeg?odnHeight=450&odnWidth=450&odnBg=FFFFFF', '2017-02-28 19:26:22'),
(259, 35777372, 'https://i5.walmartimages.com/asr/215a5d28-5c57-4ac9-891a-73aa7a149435_1.1fe90d88017de9ff38e5f6db3dfc3a6a.jpeg?odnHeight=450&odnWidth=450&odnBg=FFFFFF', '2017-02-28 19:26:22'),
(260, 44729101, 'https://i5.walmartimages.com/asr/d5a0a55a-7386-4c25-b5d5-ccddbaa7826e_1.597cb5a84e4942a0d2b96f9d4e44a6e7.jpeg?odnHeight=450&odnWidth=450&odnBg=FFFFFF', '2017-02-28 19:26:30'),
(261, 5030740, 'https://i5.walmartimages.com/asr/bcc2caca-b1a1-4941-a459-e742ed9b97e1_1.8708a4e9ca31b59ab7ee23fb18ebe536.jpeg?odnHeight=450&odnWidth=450&odnBg=FFFFFF', '2017-02-28 19:26:31'),
(262, 15902642, 'https://i5.walmartimages.com/asr/6fe5fbe0-cabb-4a8c-b5f1-73e66049c6df_1.907c2fd0f5f91d51bb947ae068da5b5c.jpeg?odnHeight=450&odnWidth=450&odnBg=FFFFFF', '2017-02-28 19:26:41'),
(263, 43913018, 'https://i5.walmartimages.com/asr/83264a82-d374-4d99-89b6-f8e751f3a960_1.6613fe35fa56e852990223cd2ab66084.jpeg?odnHeight=450&odnWidth=450&odnBg=FFFFFF', '2017-02-28 19:27:08'),
(264, 55052747, 'https://i5.walmartimages.com/asr/5b68e7a5-e318-43b4-9b7d-40756116fb36_1.c861ea5c7b3820dc020c2835eb16f16e.jpeg?odnHeight=450&odnWidth=450&odnBg=FFFFFF', '2017-02-28 19:27:33'),
(265, 37296952, 'https://i5.walmartimages.com/asr/72fd792b-b329-47f2-8050-745dc7118331_1.490798c80358a0cda0c349dd6b272ff7.jpeg?odnHeight=450&odnWidth=450&odnBg=FFFFFF', '2017-02-28 19:27:35'),
(266, 862972, 'https://i5.walmartimages.com/asr/ebfe5bdc-a3e3-4886-8d8f-97e4b6131ee1_1.6a6a7e18da7f03f033d77b09a4167289.jpeg?odnHeight=450&odnWidth=450&odnBg=FFFFFF', '2017-02-28 19:27:46');

--
-- Indexes for dumped tables
--

--
-- Indexes for table `product`
--
ALTER TABLE `product`
  ADD PRIMARY KEY (`product_id`);

--
-- Indexes for table `product_detail`
--
ALTER TABLE `product_detail`
  ADD PRIMARY KEY (`detail_id`);

--
-- Indexes for table `product_options`
--
ALTER TABLE `product_options`
  ADD PRIMARY KEY (`option_id`);

--
-- Indexes for table `product_picture`
--
ALTER TABLE `product_picture`
  ADD PRIMARY KEY (`picture_id`);

--
-- AUTO_INCREMENT for dumped tables
--

--
-- AUTO_INCREMENT for table `product_detail`
--
ALTER TABLE `product_detail`
  MODIFY `detail_id` bigint(20) NOT NULL AUTO_INCREMENT, AUTO_INCREMENT=433;
--
-- AUTO_INCREMENT for table `product_options`
--
ALTER TABLE `product_options`
  MODIFY `option_id` bigint(20) NOT NULL AUTO_INCREMENT, AUTO_INCREMENT=130;
--
-- AUTO_INCREMENT for table `product_picture`
--
ALTER TABLE `product_picture`
  MODIFY `picture_id` bigint(20) NOT NULL AUTO_INCREMENT, AUTO_INCREMENT=267;
/*!40101 SET CHARACTER_SET_CLIENT=@OLD_CHARACTER_SET_CLIENT */;
/*!40101 SET CHARACTER_SET_RESULTS=@OLD_CHARACTER_SET_RESULTS */;
/*!40101 SET COLLATION_CONNECTION=@OLD_COLLATION_CONNECTION */;
